 kafka Pulling 
 3655cb26ed1a Pulling fs layer 
 edf3d2d03510 Pulling fs layer 
 24043d2011a4 Pulling fs layer 
 7075c2f6271f Pulling fs layer 
 5df9c4c4dcbf Pulling fs layer 
 1a7a516dcbb6 Pulling fs layer 
 0f79893ae8e0 Pulling fs layer 
 71075870ab49 Pulling fs layer 
 99238bb853e4 Pulling fs layer 
 d781dd4a40ed Pulling fs layer 
 24043d2011a4 Downloading [>                                                  ]  1.049MB/138MB
 24043d2011a4 Downloading [>                                                  ]  2.097MB/138MB
 24043d2011a4 Downloading [=>                                                 ]  4.194MB/138MB
 d781dd4a40ed Download complete 
 24043d2011a4 Downloading [=>                                                 ]  5.243MB/138MB
 24043d2011a4 Downloading [==>                                                ]  6.291MB/138MB
 3655cb26ed1a Download complete 
 24043d2011a4 Downloading [==>                                                ]   7.34MB/138MB
 1a7a516dcbb6 Download complete 
 24043d2011a4 Downloading [===>                                               ]  8.389MB/138MB
 24043d2011a4 Downloading [===>                                               ]  9.437MB/138MB
 24043d2011a4 Downloading [===>                                               ]  9.437MB/138MB
 edf3d2d03510 Downloading [=======>                                           ]  1.049MB/7.167MB
 24043d2011a4 Downloading [===>                                               ]  9.437MB/138MB
 7075c2f6271f Download complete 
 edf3d2d03510 Downloading [=======>                                           ]  1.049MB/7.167MB
 24043d2011a4 Downloading [===>                                               ]  10.49MB/138MB
 edf3d2d03510 Downloading [=======>                                           ]  1.049MB/7.167MB
 24043d2011a4 Downloading [===>                                               ]  10.49MB/138MB
 24043d2011a4 Downloading [===>                                               ]  10.49MB/138MB
 edf3d2d03510 Downloading [=======>                                           ]  1.049MB/7.167MB
 edf3d2d03510 Downloading [==============>                                    ]  2.097MB/7.167MB
 24043d2011a4 Downloading [====>                                              ]  11.53MB/138MB
 edf3d2d03510 Downloading [==============>                                    ]  2.097MB/7.167MB
 24043d2011a4 Downloading [====>                                              ]  11.53MB/138MB
 edf3d2d03510 Downloading [==============>                                    ]  2.097MB/7.167MB
 24043d2011a4 Downloading [====>                                              ]  11.53MB/138MB
 edf3d2d03510 Downloading [==============>                                    ]  2.097MB/7.167MB
 24043d2011a4 Downloading [====>                                              ]  12.58MB/138MB
 edf3d2d03510 Downloading [==============>                                    ]  2.097MB/7.167MB
 24043d2011a4 Downloading [====>                                              ]  12.58MB/138MB
 edf3d2d03510 Downloading [==============>                                    ]  2.097MB/7.167MB
 24043d2011a4 Downloading [====>                                              ]  12.58MB/138MB
 edf3d2d03510 Downloading [=====================>                             ]  3.146MB/7.167MB
 24043d2011a4 Downloading [====>                                              ]  13.63MB/138MB
 edf3d2d03510 Downloading [=====================>                             ]  3.146MB/7.167MB
 24043d2011a4 Downloading [====>                                              ]  13.63MB/138MB
 edf3d2d03510 Downloading [=====================>                             ]  3.146MB/7.167MB
 24043d2011a4 Downloading [====>                                              ]  13.63MB/138MB
 edf3d2d03510 Downloading [=====================>                             ]  3.146MB/7.167MB
 24043d2011a4 Downloading [=====>                                             ]  14.68MB/138MB
 edf3d2d03510 Downloading [=====================>                             ]  3.146MB/7.167MB
 24043d2011a4 Downloading [=====>                                             ]  14.68MB/138MB
 99238bb853e4 Download complete 
 edf3d2d03510 Downloading [=============================>                     ]  4.194MB/7.167MB
 24043d2011a4 Downloading [=====>                                             ]  15.73MB/138MB
 edf3d2d03510 Downloading [=============================>                     ]  4.194MB/7.167MB
 24043d2011a4 Downloading [=====>                                             ]  15.73MB/138MB
 edf3d2d03510 Downloading [=============================>                     ]  4.194MB/7.167MB
 24043d2011a4 Downloading [=====>                                             ]  15.73MB/138MB
 24043d2011a4 Downloading [=====>                                             ]  15.73MB/138MB
 edf3d2d03510 Downloading [=============================>                     ]  4.194MB/7.167MB
 edf3d2d03510 Downloading [=============================>                     ]  4.194MB/7.167MB
 24043d2011a4 Downloading [======>                                            ]  16.78MB/138MB
 edf3d2d03510 Downloading [====================================>              ]  5.243MB/7.167MB
 24043d2011a4 Downloading [======>                                            ]  16.78MB/138MB
 edf3d2d03510 Downloading [====================================>              ]  5.243MB/7.167MB
 24043d2011a4 Downloading [======>                                            ]  16.78MB/138MB
 0f79893ae8e0 Downloading [===>                                               ]  1.049MB/14.45MB
 edf3d2d03510 Downloading [====================================>              ]  5.243MB/7.167MB
 24043d2011a4 Downloading [======>                                            ]  17.83MB/138MB
 0f79893ae8e0 Downloading [===>                                               ]  1.049MB/14.45MB
 edf3d2d03510 Downloading [====================================>              ]  5.243MB/7.167MB
 24043d2011a4 Downloading [======>                                            ]  17.83MB/138MB
 0f79893ae8e0 Downloading [===>                                               ]  1.049MB/14.45MB
 edf3d2d03510 Downloading [===========================================>       ]  6.291MB/7.167MB
 24043d2011a4 Downloading [======>                                            ]  17.83MB/138MB
 24043d2011a4 Downloading [======>                                            ]  17.83MB/138MB
 0f79893ae8e0 Downloading [===>                                               ]  1.049MB/14.45MB
 edf3d2d03510 Downloading [===========================================>       ]  6.291MB/7.167MB
 0f79893ae8e0 Downloading [===>                                               ]  1.049MB/14.45MB
 edf3d2d03510 Downloading [===========================================>       ]  6.291MB/7.167MB
 24043d2011a4 Downloading [======>                                            ]  18.87MB/138MB
 edf3d2d03510 Download complete 
 24043d2011a4 Downloading [======>                                            ]  18.87MB/138MB
 0f79893ae8e0 Downloading [===>                                               ]  1.049MB/14.45MB
 0f79893ae8e0 Downloading [===>                                               ]  1.049MB/14.45MB
 24043d2011a4 Downloading [======>                                            ]  18.87MB/138MB
 0f79893ae8e0 Downloading [===>                                               ]  1.049MB/14.45MB
 24043d2011a4 Downloading [=======>                                           ]  19.92MB/138MB
 0f79893ae8e0 Downloading [===>                                               ]  1.049MB/14.45MB
 24043d2011a4 Downloading [=======>                                           ]  19.92MB/138MB
 24043d2011a4 Downloading [=======>                                           ]  19.92MB/138MB
 0f79893ae8e0 Downloading [===>                                               ]  1.049MB/14.45MB
 0f79893ae8e0 Downloading [===>                                               ]  1.049MB/14.45MB
 24043d2011a4 Downloading [=======>                                           ]  20.97MB/138MB
 0f79893ae8e0 Downloading [===>                                               ]  1.049MB/14.45MB
 24043d2011a4 Downloading [=======>                                           ]  20.97MB/138MB
 0f79893ae8e0 Downloading [===>                                               ]  1.049MB/14.45MB
 24043d2011a4 Downloading [=======>                                           ]  20.97MB/138MB
 0f79893ae8e0 Downloading [===>                                               ]  1.049MB/14.45MB
 71075870ab49 Downloading [===>                                               ]  1.049MB/16.84MB
 24043d2011a4 Downloading [=======>                                           ]  20.97MB/138MB
 24043d2011a4 Downloading [=======>                                           ]  22.02MB/138MB
 0f79893ae8e0 Downloading [=======>                                           ]  2.097MB/14.45MB
 71075870ab49 Downloading [===>                                               ]  1.049MB/16.84MB
 0f79893ae8e0 Downloading [=======>                                           ]  2.097MB/14.45MB
 71075870ab49 Downloading [===>                                               ]  1.049MB/16.84MB
 24043d2011a4 Downloading [=======>                                           ]  22.02MB/138MB
 0f79893ae8e0 Downloading [=======>                                           ]  2.097MB/14.45MB
 71075870ab49 Downloading [===>                                               ]  1.049MB/16.84MB
 24043d2011a4 Downloading [========>                                          ]  23.07MB/138MB
 24043d2011a4 Downloading [========>                                          ]  24.12MB/138MB
 0f79893ae8e0 Downloading [=======>                                           ]  2.097MB/14.45MB
 71075870ab49 Downloading [===>                                               ]  1.049MB/16.84MB
 0f79893ae8e0 Downloading [=======>                                           ]  2.097MB/14.45MB
 71075870ab49 Downloading [===>                                               ]  1.049MB/16.84MB
 24043d2011a4 Downloading [========>                                          ]  24.12MB/138MB
 0f79893ae8e0 Downloading [==========>                                        ]  3.146MB/14.45MB
 71075870ab49 Downloading [===>                                               ]  1.049MB/16.84MB
 24043d2011a4 Downloading [========>                                          ]  24.12MB/138MB
 0f79893ae8e0 Downloading [==========>                                        ]  3.146MB/14.45MB
 71075870ab49 Downloading [===>                                               ]  1.049MB/16.84MB
 24043d2011a4 Downloading [=========>                                         ]  25.17MB/138MB
 0f79893ae8e0 Downloading [==========>                                        ]  3.146MB/14.45MB
 71075870ab49 Downloading [===>                                               ]  1.049MB/16.84MB
 24043d2011a4 Downloading [=========>                                         ]  25.17MB/138MB
 0f79893ae8e0 Downloading [==========>                                        ]  3.146MB/14.45MB
 71075870ab49 Downloading [===>                                               ]  1.049MB/16.84MB
 24043d2011a4 Downloading [=========>                                         ]  25.17MB/138MB
 0f79893ae8e0 Downloading [==========>                                        ]  3.146MB/14.45MB
 71075870ab49 Downloading [===>                                               ]  1.049MB/16.84MB
 24043d2011a4 Downloading [=========>                                         ]  26.21MB/138MB
 5df9c4c4dcbf Downloading [>                                                  ]  1.049MB/53.17MB
 71075870ab49 Downloading [===>                                               ]  1.049MB/16.84MB
 24043d2011a4 Downloading [=========>                                         ]  26.21MB/138MB
 5df9c4c4dcbf Downloading [>                                                  ]  1.049MB/53.17MB
 0f79893ae8e0 Downloading [==============>                                    ]  4.194MB/14.45MB
 0f79893ae8e0 Downloading [==============>                                    ]  4.194MB/14.45MB
 71075870ab49 Downloading [===>                                               ]  1.049MB/16.84MB
 24043d2011a4 Downloading [=========>                                         ]  27.26MB/138MB
 5df9c4c4dcbf Downloading [>                                                  ]  1.049MB/53.17MB
 24043d2011a4 Downloading [=========>                                         ]  27.26MB/138MB
 5df9c4c4dcbf Downloading [>                                                  ]  1.049MB/53.17MB
 0f79893ae8e0 Downloading [==============>                                    ]  4.194MB/14.45MB
 71075870ab49 Downloading [===>                                               ]  1.049MB/16.84MB
 0f79893ae8e0 Downloading [==================>                                ]  5.243MB/14.45MB
 71075870ab49 Downloading [===>                                               ]  1.049MB/16.84MB
 24043d2011a4 Downloading [=========>                                         ]  27.32MB/138MB
 5df9c4c4dcbf Downloading [>                                                  ]  1.049MB/53.17MB
 0f79893ae8e0 Downloading [==================>                                ]  5.243MB/14.45MB
 71075870ab49 Downloading [===>                                               ]  1.049MB/16.84MB
 24043d2011a4 Downloading [==========>                                        ]  28.31MB/138MB
 5df9c4c4dcbf Downloading [>                                                  ]  1.049MB/53.17MB
 0f79893ae8e0 Downloading [==================>                                ]  5.243MB/14.45MB
 71075870ab49 Downloading [===>                                               ]  1.049MB/16.84MB
 24043d2011a4 Downloading [==========>                                        ]  28.31MB/138MB
 5df9c4c4dcbf Downloading [>                                                  ]  1.049MB/53.17MB
 0f79893ae8e0 Downloading [==================>                                ]  5.243MB/14.45MB
 71075870ab49 Downloading [===>                                               ]  1.049MB/16.84MB
 24043d2011a4 Downloading [==========>                                        ]  28.31MB/138MB
 5df9c4c4dcbf Downloading [>                                                  ]  1.049MB/53.17MB
 24043d2011a4 Downloading [==========>                                        ]  29.36MB/138MB
 5df9c4c4dcbf Downloading [>                                                  ]  1.049MB/53.17MB
 0f79893ae8e0 Downloading [==================>                                ]  5.243MB/14.45MB
 71075870ab49 Downloading [===>                                               ]  1.049MB/16.84MB
 0f79893ae8e0 Downloading [=====================>                             ]  6.291MB/14.45MB
 71075870ab49 Downloading [===>                                               ]  1.049MB/16.84MB
 24043d2011a4 Downloading [==========>                                        ]  29.36MB/138MB
 5df9c4c4dcbf Downloading [>                                                  ]  1.049MB/53.17MB
 0f79893ae8e0 Downloading [=====================>                             ]  6.291MB/14.45MB
 71075870ab49 Downloading [===>                                               ]  1.049MB/16.84MB
 24043d2011a4 Downloading [==========>                                        ]  29.36MB/138MB
 5df9c4c4dcbf Downloading [>                                                  ]  1.049MB/53.17MB
 0f79893ae8e0 Downloading [=====================>                             ]  6.291MB/14.45MB
 71075870ab49 Downloading [===>                                               ]  1.049MB/16.84MB
 24043d2011a4 Downloading [===========>                                       ]  30.41MB/138MB
 5df9c4c4dcbf Downloading [>                                                  ]  1.049MB/53.17MB
 0f79893ae8e0 Downloading [=====================>                             ]  6.291MB/14.45MB
 71075870ab49 Downloading [===>                                               ]  1.049MB/16.84MB
 24043d2011a4 Downloading [===========>                                       ]  30.41MB/138MB
 5df9c4c4dcbf Downloading [>                                                  ]  1.049MB/53.17MB
 0f79893ae8e0 Downloading [=========================>                         ]   7.34MB/14.45MB
 71075870ab49 Downloading [===>                                               ]  1.049MB/16.84MB
 24043d2011a4 Downloading [===========>                                       ]  30.41MB/138MB
 5df9c4c4dcbf Downloading [>                                                  ]  1.049MB/53.17MB
 0f79893ae8e0 Downloading [=========================>                         ]   7.34MB/14.45MB
 71075870ab49 Downloading [===>                                               ]  1.049MB/16.84MB
 24043d2011a4 Downloading [===========>                                       ]  31.46MB/138MB
 5df9c4c4dcbf Downloading [>                                                  ]  1.049MB/53.17MB
 0f79893ae8e0 Downloading [=========================>                         ]   7.34MB/14.45MB
 71075870ab49 Downloading [===>                                               ]  1.049MB/16.84MB
 24043d2011a4 Downloading [===========>                                       ]  31.46MB/138MB
 5df9c4c4dcbf Downloading [>                                                  ]  1.049MB/53.17MB
 24043d2011a4 Downloading [===========>                                       ]  31.46MB/138MB
 5df9c4c4dcbf Downloading [>                                                  ]  1.049MB/53.17MB
 0f79893ae8e0 Downloading [=========================>                         ]   7.34MB/14.45MB
 71075870ab49 Downloading [===>                                               ]  1.049MB/16.84MB
 0f79893ae8e0 Downloading [=============================>                     ]  8.389MB/14.45MB
 71075870ab49 Downloading [===>                                               ]  1.049MB/16.84MB
 24043d2011a4 Downloading [===========>                                       ]  32.51MB/138MB
 5df9c4c4dcbf Downloading [>                                                  ]  1.049MB/53.17MB
 24043d2011a4 Downloading [===========>                                       ]  32.51MB/138MB
 5df9c4c4dcbf Downloading [>                                                  ]  1.049MB/53.17MB
 0f79893ae8e0 Downloading [=============================>                     ]  8.389MB/14.45MB
 71075870ab49 Downloading [===>                                               ]  1.257MB/16.84MB
 24043d2011a4 Downloading [===========>                                       ]  32.51MB/138MB
 5df9c4c4dcbf Downloading [>                                                  ]  1.049MB/53.17MB
 0f79893ae8e0 Downloading [=============================>                     ]  8.389MB/14.45MB
 71075870ab49 Downloading [======>                                            ]  2.097MB/16.84MB
 71075870ab49 Downloading [======>                                            ]  2.097MB/16.84MB
 24043d2011a4 Downloading [============>                                      ]  33.55MB/138MB
 5df9c4c4dcbf Downloading [>                                                  ]  1.049MB/53.17MB
 0f79893ae8e0 Downloading [=============================>                     ]  8.389MB/14.45MB
 0f79893ae8e0 Downloading [================================>                  ]  9.437MB/14.45MB
 71075870ab49 Downloading [======>                                            ]  2.097MB/16.84MB
 24043d2011a4 Downloading [============>                                      ]  33.55MB/138MB
 5df9c4c4dcbf Downloading [>                                                  ]  1.049MB/53.17MB
 0f79893ae8e0 Downloading [================================>                  ]  9.437MB/14.45MB
 71075870ab49 Downloading [======>                                            ]  2.097MB/16.84MB
 24043d2011a4 Downloading [============>                                      ]  33.55MB/138MB
 5df9c4c4dcbf Downloading [>                                                  ]  1.049MB/53.17MB
 0f79893ae8e0 Downloading [================================>                  ]  9.437MB/14.45MB
 71075870ab49 Downloading [======>                                            ]  2.097MB/16.84MB
 24043d2011a4 Downloading [============>                                      ]  33.55MB/138MB
 5df9c4c4dcbf Downloading [>                                                  ]  1.049MB/53.17MB
 24043d2011a4 Downloading [============>                                      ]   34.6MB/138MB
 5df9c4c4dcbf Downloading [>                                                  ]  1.049MB/53.17MB
 0f79893ae8e0 Downloading [================================>                  ]  9.437MB/14.45MB
 71075870ab49 Downloading [======>                                            ]  2.097MB/16.84MB
 24043d2011a4 Downloading [============>                                      ]   34.6MB/138MB
 5df9c4c4dcbf Downloading [>                                                  ]  1.049MB/53.17MB
 0f79893ae8e0 Downloading [====================================>              ]  10.49MB/14.45MB
 71075870ab49 Downloading [======>                                            ]  2.097MB/16.84MB
 0f79893ae8e0 Downloading [====================================>              ]  10.49MB/14.45MB
 71075870ab49 Downloading [======>                                            ]  2.097MB/16.84MB
 24043d2011a4 Downloading [============>                                      ]  34.68MB/138MB
 5df9c4c4dcbf Downloading [>                                                  ]  1.049MB/53.17MB
 0f79893ae8e0 Downloading [====================================>              ]  10.49MB/14.45MB
 71075870ab49 Downloading [======>                                            ]  2.097MB/16.84MB
 24043d2011a4 Downloading [============>                                      ]  35.65MB/138MB
 5df9c4c4dcbf Downloading [>                                                  ]  1.049MB/53.17MB
 0f79893ae8e0 Downloading [=======================================>           ]  11.53MB/14.45MB
 71075870ab49 Downloading [======>                                            ]  2.097MB/16.84MB
 24043d2011a4 Downloading [============>                                      ]  35.65MB/138MB
 5df9c4c4dcbf Downloading [>                                                  ]  1.049MB/53.17MB
 24043d2011a4 Downloading [=============>                                     ]   36.7MB/138MB
 5df9c4c4dcbf Downloading [>                                                  ]  1.049MB/53.17MB
 0f79893ae8e0 Downloading [=======================================>           ]  11.53MB/14.45MB
 71075870ab49 Downloading [======>                                            ]  2.097MB/16.84MB
 24043d2011a4 Downloading [=============>                                     ]   36.7MB/138MB
 5df9c4c4dcbf Downloading [>                                                  ]  1.049MB/53.17MB
 0f79893ae8e0 Downloading [=======================================>           ]  11.53MB/14.45MB
 71075870ab49 Downloading [======>                                            ]  2.097MB/16.84MB
 24043d2011a4 Downloading [=============>                                     ]   36.7MB/138MB
 5df9c4c4dcbf Downloading [>                                                  ]  1.049MB/53.17MB
 0f79893ae8e0 Downloading [=======================================>           ]  11.53MB/14.45MB
 71075870ab49 Downloading [======>                                            ]  2.097MB/16.84MB
 0f79893ae8e0 Downloading [=========================================>         ]  12.13MB/14.45MB
 71075870ab49 Downloading [======>                                            ]  2.097MB/16.84MB
 24043d2011a4 Downloading [=============>                                     ]   36.7MB/138MB
 5df9c4c4dcbf Downloading [>                                                  ]  1.049MB/53.17MB
 24043d2011a4 Downloading [=============>                                     ]  37.75MB/138MB
 5df9c4c4dcbf Downloading [>                                                  ]  1.049MB/53.17MB
 0f79893ae8e0 Downloading [===========================================>       ]  12.58MB/14.45MB
 71075870ab49 Downloading [======>                                            ]  2.097MB/16.84MB
 71075870ab49 Downloading [======>                                            ]  2.097MB/16.84MB
 24043d2011a4 Downloading [=============>                                     ]  37.75MB/138MB
 5df9c4c4dcbf Downloading [>                                                  ]  1.049MB/53.17MB
 0f79893ae8e0 Downloading [===========================================>       ]  12.58MB/14.45MB
 0f79893ae8e0 Downloading [===========================================>       ]  12.58MB/14.45MB
 71075870ab49 Downloading [======>                                            ]  2.097MB/16.84MB
 24043d2011a4 Downloading [=============>                                     ]  37.75MB/138MB
 5df9c4c4dcbf Downloading [>                                                  ]  1.049MB/53.17MB
 0f79893ae8e0 Downloading [===============================================>   ]  13.63MB/14.45MB
 71075870ab49 Downloading [======>                                            ]  2.097MB/16.84MB
 24043d2011a4 Downloading [==============>                                    ]   38.8MB/138MB
 5df9c4c4dcbf Downloading [>                                                  ]  1.049MB/53.17MB
 0f79893ae8e0 Downloading [===============================================>   ]  13.63MB/14.45MB
 71075870ab49 Downloading [======>                                            ]  2.097MB/16.84MB
 24043d2011a4 Downloading [==============>                                    ]   38.8MB/138MB
 5df9c4c4dcbf Downloading [>                                                  ]  1.049MB/53.17MB
 0f79893ae8e0 Downloading [===============================================>   ]  13.63MB/14.45MB
 71075870ab49 Downloading [======>                                            ]  2.097MB/16.84MB
 24043d2011a4 Downloading [==============>                                    ]   38.8MB/138MB
 5df9c4c4dcbf Downloading [>                                                  ]  1.049MB/53.17MB
 0f79893ae8e0 Download complete 
 71075870ab49 Downloading [======>                                            ]  2.097MB/16.84MB
 24043d2011a4 Downloading [==============>                                    ]  39.85MB/138MB
 5df9c4c4dcbf Downloading [>                                                  ]  1.049MB/53.17MB
 71075870ab49 Downloading [======>                                            ]  2.097MB/16.84MB
 24043d2011a4 Downloading [==============>                                    ]  39.85MB/138MB
 5df9c4c4dcbf Downloading [>                                                  ]  1.049MB/53.17MB
 71075870ab49 Downloading [======>                                            ]  2.097MB/16.84MB
 24043d2011a4 Downloading [==============>                                    ]  40.89MB/138MB
 5df9c4c4dcbf Downloading [>                                                  ]  1.049MB/53.17MB
 71075870ab49 Downloading [======>                                            ]  2.097MB/16.84MB
 24043d2011a4 Downloading [==============>                                    ]  40.89MB/138MB
 5df9c4c4dcbf Downloading [>                                                  ]  1.049MB/53.17MB
 5df9c4c4dcbf Downloading [>                                                  ]  1.049MB/53.17MB
 71075870ab49 Downloading [======>                                            ]  2.097MB/16.84MB
 24043d2011a4 Downloading [===============>                                   ]  42.09MB/138MB
 24043d2011a4 Downloading [===============>                                   ]  43.53MB/138MB
 5df9c4c4dcbf Downloading [>                                                  ]  1.049MB/53.17MB
 71075870ab49 Downloading [======>                                            ]  2.097MB/16.84MB
 24043d2011a4 Downloading [================>                                  ]  44.36MB/138MB
 5df9c4c4dcbf Downloading [>                                                  ]  1.049MB/53.17MB
 71075870ab49 Downloading [======>                                            ]  2.097MB/16.84MB
 24043d2011a4 Downloading [================>                                  ]  45.09MB/138MB
 5df9c4c4dcbf Downloading [>                                                  ]  1.049MB/53.17MB
 71075870ab49 Downloading [======>                                            ]  2.097MB/16.84MB
 71075870ab49 Downloading [======>                                            ]  2.097MB/16.84MB
 24043d2011a4 Downloading [================>                                  ]  45.09MB/138MB
 5df9c4c4dcbf Downloading [>                                                  ]  1.049MB/53.17MB
 71075870ab49 Downloading [======>                                            ]  2.097MB/16.84MB
 24043d2011a4 Downloading [================>                                  ]  46.14MB/138MB
 5df9c4c4dcbf Downloading [>                                                  ]  1.049MB/53.17MB
 71075870ab49 Downloading [======>                                            ]  2.097MB/16.84MB
 24043d2011a4 Downloading [=================>                                 ]  47.19MB/138MB
 5df9c4c4dcbf Downloading [>                                                  ]  1.049MB/53.17MB
 24043d2011a4 Downloading [=================>                                 ]  47.19MB/138MB
 5df9c4c4dcbf Downloading [>                                                  ]  1.049MB/53.17MB
 71075870ab49 Downloading [======>                                            ]  2.097MB/16.84MB
 71075870ab49 Downloading [======>                                            ]  2.097MB/16.84MB
 24043d2011a4 Downloading [=================>                                 ]  48.23MB/138MB
 5df9c4c4dcbf Downloading [>                                                  ]  1.049MB/53.17MB
 71075870ab49 Downloading [======>                                            ]  2.097MB/16.84MB
 24043d2011a4 Downloading [=================>                                 ]  48.23MB/138MB
 5df9c4c4dcbf Downloading [>                                                  ]  1.049MB/53.17MB
 71075870ab49 Downloading [======>                                            ]  2.097MB/16.84MB
 24043d2011a4 Downloading [=================>                                 ]  48.23MB/138MB
 5df9c4c4dcbf Downloading [>                                                  ]  1.049MB/53.17MB
 5df9c4c4dcbf Downloading [>                                                  ]  1.049MB/53.17MB
 71075870ab49 Downloading [=========>                                         ]  3.146MB/16.84MB
 24043d2011a4 Downloading [=================>                                 ]  48.28MB/138MB
 24043d2011a4 Downloading [=================>                                 ]  49.28MB/138MB
 5df9c4c4dcbf Downloading [>                                                  ]  1.049MB/53.17MB
 71075870ab49 Downloading [=========>                                         ]  3.146MB/16.84MB
 71075870ab49 Downloading [=========>                                         ]  3.146MB/16.84MB
 24043d2011a4 Downloading [==================>                                ]  50.33MB/138MB
 5df9c4c4dcbf Downloading [>                                                  ]  1.049MB/53.17MB
 24043d2011a4 Downloading [==================>                                ]  50.33MB/138MB
 5df9c4c4dcbf Downloading [>                                                  ]  1.049MB/53.17MB
 71075870ab49 Downloading [=========>                                         ]  3.146MB/16.84MB
 24043d2011a4 Downloading [==================>                                ]  51.38MB/138MB
 5df9c4c4dcbf Downloading [>                                                  ]  1.049MB/53.17MB
 71075870ab49 Downloading [=========>                                         ]  3.146MB/16.84MB
 24043d2011a4 Downloading [==================>                                ]  51.38MB/138MB
 5df9c4c4dcbf Downloading [>                                                  ]  1.049MB/53.17MB
 71075870ab49 Downloading [=========>                                         ]  3.146MB/16.84MB
 5df9c4c4dcbf Downloading [>                                                  ]  1.049MB/53.17MB
 71075870ab49 Downloading [=========>                                         ]  3.146MB/16.84MB
 24043d2011a4 Downloading [==================>                                ]  52.43MB/138MB
 5df9c4c4dcbf Downloading [=>                                                 ]  2.097MB/53.17MB
 71075870ab49 Downloading [=========>                                         ]  3.146MB/16.84MB
 24043d2011a4 Downloading [===================>                               ]  53.48MB/138MB
 5df9c4c4dcbf Downloading [=>                                                 ]  2.097MB/53.17MB
 71075870ab49 Downloading [=========>                                         ]  3.146MB/16.84MB
 24043d2011a4 Downloading [===================>                               ]  53.48MB/138MB
 71075870ab49 Downloading [=========>                                         ]  3.146MB/16.84MB
 24043d2011a4 Downloading [===================>                               ]  54.53MB/138MB
 5df9c4c4dcbf Downloading [=>                                                 ]  2.097MB/53.17MB
 5df9c4c4dcbf Downloading [=>                                                 ]  2.097MB/53.17MB
 71075870ab49 Downloading [=========>                                         ]  3.146MB/16.84MB
 24043d2011a4 Downloading [===================>                               ]  54.53MB/138MB
 71075870ab49 Downloading [=========>                                         ]  3.146MB/16.84MB
 24043d2011a4 Downloading [====================>                              ]  55.57MB/138MB
 5df9c4c4dcbf Downloading [=>                                                 ]  2.097MB/53.17MB
 24043d2011a4 Downloading [====================>                              ]  55.57MB/138MB
 5df9c4c4dcbf Downloading [=>                                                 ]  2.097MB/53.17MB
 71075870ab49 Downloading [=========>                                         ]  3.146MB/16.84MB
 71075870ab49 Downloading [=========>                                         ]  3.146MB/16.84MB
 24043d2011a4 Downloading [====================>                              ]  56.62MB/138MB
 5df9c4c4dcbf Downloading [=>                                                 ]  2.097MB/53.17MB
 71075870ab49 Downloading [=========>                                         ]  3.146MB/16.84MB
 24043d2011a4 Downloading [====================>                              ]  57.67MB/138MB
 5df9c4c4dcbf Downloading [=>                                                 ]  2.097MB/53.17MB
 71075870ab49 Downloading [=========>                                         ]  3.146MB/16.84MB
 24043d2011a4 Downloading [====================>                              ]  57.67MB/138MB
 5df9c4c4dcbf Downloading [=>                                                 ]  2.097MB/53.17MB
 71075870ab49 Downloading [=========>                                         ]  3.146MB/16.84MB
 24043d2011a4 Downloading [=====================>                             ]  58.72MB/138MB
 5df9c4c4dcbf Downloading [=>                                                 ]  2.097MB/53.17MB
 5df9c4c4dcbf Downloading [=>                                                 ]  2.097MB/53.17MB
 71075870ab49 Downloading [============>                                      ]  4.194MB/16.84MB
 24043d2011a4 Downloading [=====================>                             ]   59.1MB/138MB
 71075870ab49 Downloading [============>                                      ]  4.194MB/16.84MB
 24043d2011a4 Downloading [=====================>                             ]  59.77MB/138MB
 5df9c4c4dcbf Downloading [=>                                                 ]  2.097MB/53.17MB
 5df9c4c4dcbf Downloading [=>                                                 ]  2.097MB/53.17MB
 71075870ab49 Downloading [============>                                      ]  4.194MB/16.84MB
 24043d2011a4 Downloading [=====================>                             ]  59.77MB/138MB
 71075870ab49 Downloading [============>                                      ]  4.194MB/16.84MB
 24043d2011a4 Downloading [=====================>                             ]  59.77MB/138MB
 5df9c4c4dcbf Downloading [=>                                                 ]  2.097MB/53.17MB
 71075870ab49 Downloading [============>                                      ]  4.194MB/16.84MB
 24043d2011a4 Downloading [======================>                            ]  60.82MB/138MB
 5df9c4c4dcbf Downloading [=>                                                 ]  2.097MB/53.17MB
 24043d2011a4 Downloading [======================>                            ]  61.87MB/138MB
 5df9c4c4dcbf Downloading [=>                                                 ]  2.097MB/53.17MB
 71075870ab49 Downloading [===============>                                   ]  5.243MB/16.84MB
 71075870ab49 Downloading [===============>                                   ]  5.243MB/16.84MB
 24043d2011a4 Downloading [======================>                            ]  61.87MB/138MB
 5df9c4c4dcbf Downloading [=>                                                 ]  2.097MB/53.17MB
 71075870ab49 Downloading [===============>                                   ]  5.243MB/16.84MB
 24043d2011a4 Downloading [======================>                            ]  61.87MB/138MB
 5df9c4c4dcbf Downloading [=>                                                 ]  2.097MB/53.17MB
 71075870ab49 Downloading [===============>                                   ]  5.243MB/16.84MB
 24043d2011a4 Downloading [======================>                            ]  61.87MB/138MB
 5df9c4c4dcbf Downloading [=>                                                 ]  2.097MB/53.17MB
 24043d2011a4 Downloading [======================>                            ]  62.91MB/138MB
 5df9c4c4dcbf Downloading [=>                                                 ]  2.097MB/53.17MB
 71075870ab49 Downloading [==================>                                ]  6.291MB/16.84MB
 71075870ab49 Downloading [==================>                                ]  6.291MB/16.84MB
 24043d2011a4 Downloading [======================>                            ]  62.91MB/138MB
 5df9c4c4dcbf Downloading [=>                                                 ]  2.097MB/53.17MB
 24043d2011a4 Downloading [======================>                            ]  62.91MB/138MB
 5df9c4c4dcbf Downloading [=>                                                 ]  2.097MB/53.17MB
 71075870ab49 Downloading [==================>                                ]  6.291MB/16.84MB
 71075870ab49 Downloading [==================>                                ]  6.291MB/16.84MB
 24043d2011a4 Downloading [=======================>                           ]  63.96MB/138MB
 5df9c4c4dcbf Downloading [=>                                                 ]  2.097MB/53.17MB
 71075870ab49 Downloading [==================>                                ]  6.291MB/16.84MB
 24043d2011a4 Downloading [=======================>                           ]  63.96MB/138MB
 5df9c4c4dcbf Downloading [=>                                                 ]  2.097MB/53.17MB
 5df9c4c4dcbf Downloading [=>                                                 ]  2.097MB/53.17MB
 71075870ab49 Downloading [=====================>                             ]   7.34MB/16.84MB
 24043d2011a4 Downloading [=======================>                           ]  65.01MB/138MB
 24043d2011a4 Downloading [=======================>                           ]  65.01MB/138MB
 5df9c4c4dcbf Downloading [=>                                                 ]  2.097MB/53.17MB
 71075870ab49 Downloading [=====================>                             ]   7.34MB/16.84MB
 24043d2011a4 Downloading [=======================>                           ]  65.01MB/138MB
 5df9c4c4dcbf Downloading [=>                                                 ]  2.097MB/53.17MB
 71075870ab49 Downloading [=====================>                             ]   7.34MB/16.84MB
 71075870ab49 Downloading [=====================>                             ]   7.34MB/16.84MB
 24043d2011a4 Downloading [=======================>                           ]  66.06MB/138MB
 5df9c4c4dcbf Downloading [=>                                                 ]  2.097MB/53.17MB
 71075870ab49 Downloading [=====================>                             ]   7.34MB/16.84MB
 24043d2011a4 Downloading [=======================>                           ]  66.06MB/138MB
 5df9c4c4dcbf Downloading [==>                                                ]  3.146MB/53.17MB
 71075870ab49 Downloading [========================>                          ]  8.389MB/16.84MB
 24043d2011a4 Downloading [=======================>                           ]  66.06MB/138MB
 5df9c4c4dcbf Downloading [==>                                                ]  3.146MB/53.17MB
 71075870ab49 Downloading [========================>                          ]  8.389MB/16.84MB
 24043d2011a4 Downloading [========================>                          ]  67.11MB/138MB
 5df9c4c4dcbf Downloading [==>                                                ]  3.146MB/53.17MB
 71075870ab49 Downloading [========================>                          ]  8.389MB/16.84MB
 24043d2011a4 Downloading [========================>                          ]  67.11MB/138MB
 5df9c4c4dcbf Downloading [==>                                                ]  3.146MB/53.17MB
 24043d2011a4 Downloading [========================>                          ]  67.11MB/138MB
 5df9c4c4dcbf Downloading [==>                                                ]  3.146MB/53.17MB
 71075870ab49 Downloading [========================>                          ]  8.389MB/16.84MB
 24043d2011a4 Downloading [========================>                          ]  68.16MB/138MB
 5df9c4c4dcbf Downloading [==>                                                ]  3.146MB/53.17MB
 71075870ab49 Downloading [============================>                      ]  9.437MB/16.84MB
 71075870ab49 Downloading [============================>                      ]  9.437MB/16.84MB
 24043d2011a4 Downloading [========================>                          ]  68.16MB/138MB
 5df9c4c4dcbf Downloading [==>                                                ]  3.146MB/53.17MB
 71075870ab49 Downloading [============================>                      ]  9.437MB/16.84MB
 24043d2011a4 Downloading [=========================>                         ]  69.21MB/138MB
 5df9c4c4dcbf Downloading [==>                                                ]  3.146MB/53.17MB
 71075870ab49 Downloading [============================>                      ]  9.437MB/16.84MB
 24043d2011a4 Downloading [=========================>                         ]  69.21MB/138MB
 5df9c4c4dcbf Downloading [==>                                                ]  3.146MB/53.17MB
 71075870ab49 Downloading [============================>                      ]  9.437MB/16.84MB
 24043d2011a4 Downloading [=========================>                         ]  69.21MB/138MB
 5df9c4c4dcbf Downloading [==>                                                ]  3.146MB/53.17MB
 71075870ab49 Downloading [===============================>                   ]  10.49MB/16.84MB
 24043d2011a4 Downloading [=========================>                         ]  70.25MB/138MB
 5df9c4c4dcbf Downloading [==>                                                ]  3.146MB/53.17MB
 71075870ab49 Downloading [===============================>                   ]  10.49MB/16.84MB
 24043d2011a4 Downloading [=========================>                         ]  70.25MB/138MB
 5df9c4c4dcbf Downloading [==>                                                ]  3.146MB/53.17MB
 71075870ab49 Downloading [===============================>                   ]  10.49MB/16.84MB
 24043d2011a4 Downloading [=========================>                         ]   71.3MB/138MB
 5df9c4c4dcbf Downloading [==>                                                ]  3.146MB/53.17MB
 24043d2011a4 Downloading [=========================>                         ]   71.3MB/138MB
 5df9c4c4dcbf Downloading [==>                                                ]  3.146MB/53.17MB
 71075870ab49 Downloading [===============================>                   ]  10.49MB/16.84MB
 71075870ab49 Downloading [===============================>                   ]  10.49MB/16.84MB
 24043d2011a4 Downloading [=========================>                         ]   71.3MB/138MB
 5df9c4c4dcbf Downloading [==>                                                ]  3.146MB/53.17MB
 71075870ab49 Downloading [==================================>                ]  11.53MB/16.84MB
 24043d2011a4 Downloading [==========================>                        ]  72.04MB/138MB
 5df9c4c4dcbf Downloading [==>                                                ]  3.146MB/53.17MB
 71075870ab49 Downloading [==================================>                ]  11.53MB/16.84MB
 24043d2011a4 Downloading [==========================>                        ]  72.35MB/138MB
 5df9c4c4dcbf Downloading [==>                                                ]  3.146MB/53.17MB
 71075870ab49 Downloading [==================================>                ]  11.53MB/16.84MB
 24043d2011a4 Downloading [==========================>                        ]  72.55MB/138MB
 5df9c4c4dcbf Downloading [==>                                                ]  3.146MB/53.17MB
 71075870ab49 Downloading [==================================>                ]  11.53MB/16.84MB
 24043d2011a4 Downloading [==========================>                        ]   73.4MB/138MB
 5df9c4c4dcbf Downloading [==>                                                ]  3.146MB/53.17MB
 5df9c4c4dcbf Downloading [==>                                                ]  3.146MB/53.17MB
 71075870ab49 Downloading [=====================================>             ]  12.58MB/16.84MB
 24043d2011a4 Downloading [==========================>                        ]   73.4MB/138MB
 24043d2011a4 Downloading [==========================>                        ]   73.4MB/138MB
 5df9c4c4dcbf Downloading [==>                                                ]  3.146MB/53.17MB
 71075870ab49 Downloading [=====================================>             ]  12.58MB/16.84MB
 71075870ab49 Downloading [=====================================>             ]  12.58MB/16.84MB
 24043d2011a4 Downloading [==========================>                        ]  74.45MB/138MB
 5df9c4c4dcbf Downloading [===>                                               ]  4.194MB/53.17MB
 71075870ab49 Downloading [=====================================>             ]  12.58MB/16.84MB
 24043d2011a4 Downloading [==========================>                        ]  74.45MB/138MB
 5df9c4c4dcbf Downloading [===>                                               ]  4.194MB/53.17MB
 5df9c4c4dcbf Downloading [===>                                               ]  4.194MB/53.17MB
 71075870ab49 Downloading [=====================================>             ]  12.58MB/16.84MB
 24043d2011a4 Downloading [==========================>                        ]  74.45MB/138MB
 5df9c4c4dcbf Downloading [===>                                               ]  4.194MB/53.17MB
 71075870ab49 Downloading [========================================>          ]  13.63MB/16.84MB
 24043d2011a4 Downloading [===========================>                       ]   75.5MB/138MB
 24043d2011a4 Downloading [===========================>                       ]   75.5MB/138MB
 5df9c4c4dcbf Downloading [===>                                               ]  4.194MB/53.17MB
 71075870ab49 Downloading [========================================>          ]  13.63MB/16.84MB
 24043d2011a4 Downloading [===========================>                       ]   75.5MB/138MB
 5df9c4c4dcbf Downloading [===>                                               ]  4.194MB/53.17MB
 71075870ab49 Downloading [========================================>          ]  13.63MB/16.84MB
 5df9c4c4dcbf Downloading [===>                                               ]  4.194MB/53.17MB
 71075870ab49 Downloading [========================================>          ]  13.63MB/16.84MB
 24043d2011a4 Downloading [===========================>                       ]  76.55MB/138MB
 24043d2011a4 Downloading [===========================>                       ]  76.55MB/138MB
 5df9c4c4dcbf Downloading [===>                                               ]  4.194MB/53.17MB
 71075870ab49 Downloading [===========================================>       ]  14.68MB/16.84MB
 71075870ab49 Downloading [===========================================>       ]  14.68MB/16.84MB
 24043d2011a4 Downloading [===========================>                       ]  76.55MB/138MB
 5df9c4c4dcbf Downloading [===>                                               ]  4.194MB/53.17MB
 5df9c4c4dcbf Downloading [===>                                               ]  4.194MB/53.17MB
 71075870ab49 Downloading [===========================================>       ]  14.68MB/16.84MB
 24043d2011a4 Downloading [============================>                      ]  77.59MB/138MB
 71075870ab49 Downloading [===========================================>       ]  14.68MB/16.84MB
 24043d2011a4 Downloading [============================>                      ]  77.59MB/138MB
 5df9c4c4dcbf Downloading [===>                                               ]  4.194MB/53.17MB
 71075870ab49 Downloading [===========================================>       ]  14.68MB/16.84MB
 24043d2011a4 Downloading [============================>                      ]  78.64MB/138MB
 5df9c4c4dcbf Downloading [===>                                               ]  4.194MB/53.17MB
 71075870ab49 Downloading [==============================================>    ]  15.73MB/16.84MB
 24043d2011a4 Downloading [============================>                      ]  78.64MB/138MB
 5df9c4c4dcbf Downloading [===>                                               ]  4.194MB/53.17MB
 71075870ab49 Downloading [==============================================>    ]  15.73MB/16.84MB
 24043d2011a4 Downloading [============================>                      ]  78.64MB/138MB
 5df9c4c4dcbf Downloading [===>                                               ]  4.194MB/53.17MB
 24043d2011a4 Downloading [============================>                      ]  79.69MB/138MB
 5df9c4c4dcbf Downloading [===>                                               ]  4.194MB/53.17MB
 71075870ab49 Downloading [==============================================>    ]  15.73MB/16.84MB
 71075870ab49 Downloading [==============================================>    ]  15.73MB/16.84MB
 24043d2011a4 Downloading [============================>                      ]  79.69MB/138MB
 5df9c4c4dcbf Downloading [===>                                               ]  4.194MB/53.17MB
 71075870ab49 Downloading [==================================================>]  16.84MB/16.84MB
 24043d2011a4 Downloading [============================>                      ]  79.69MB/138MB
 5df9c4c4dcbf Downloading [===>                                               ]  4.194MB/53.17MB
 71075870ab49 Download complete 
 24043d2011a4 Downloading [=============================>                     ]  80.74MB/138MB
 5df9c4c4dcbf Downloading [===>                                               ]  4.194MB/53.17MB
 71075870ab49 Extracting 1 s
 24043d2011a4 Downloading [=============================>                     ]  81.79MB/138MB
 5df9c4c4dcbf Downloading [===>                                               ]  4.194MB/53.17MB
 71075870ab49 Extracting 1 s
 24043d2011a4 Downloading [=============================>                     ]  81.79MB/138MB
 5df9c4c4dcbf Downloading [===>                                               ]  4.194MB/53.17MB
 71075870ab49 Extracting 1 s
 24043d2011a4 Downloading [==============================>                    ]  82.84MB/138MB
 5df9c4c4dcbf Downloading [===>                                               ]  4.194MB/53.17MB
 71075870ab49 Extracting 1 s
 24043d2011a4 Downloading [===============================>                   ]  85.98MB/138MB
 5df9c4c4dcbf Downloading [====>                                              ]  5.243MB/53.17MB
 71075870ab49 Extracting 2 s
 24043d2011a4 Downloading [===============================>                   ]  88.08MB/138MB
 5df9c4c4dcbf Downloading [====>                                              ]  5.243MB/53.17MB
 71075870ab49 Extracting 2 s
 24043d2011a4 Downloading [================================>                  ]  90.18MB/138MB
 5df9c4c4dcbf Downloading [====>                                              ]  5.243MB/53.17MB
 71075870ab49 Extracting 2 s
 5df9c4c4dcbf Downloading [====>                                              ]  5.243MB/53.17MB
 24043d2011a4 Downloading [=================================>                 ]  91.23MB/138MB
 71075870ab49 Extracting 2 s
 24043d2011a4 Downloading [=================================>                 ]  92.27MB/138MB
 5df9c4c4dcbf Downloading [====>                                              ]  5.243MB/53.17MB
 71075870ab49 Extracting 3 s
 24043d2011a4 Downloading [==================================>                ]   94.4MB/138MB
 5df9c4c4dcbf Downloading [====>                                              ]  5.243MB/53.17MB
 71075870ab49 Extracting 3 s
 24043d2011a4 Downloading [==================================>                ]  95.42MB/138MB
 5df9c4c4dcbf Downloading [====>                                              ]  5.243MB/53.17MB
 71075870ab49 Extracting 3 s
 24043d2011a4 Downloading [==================================>                ]  96.47MB/138MB
 5df9c4c4dcbf Downloading [====>                                              ]  5.243MB/53.17MB
 71075870ab49 Extracting 3 s
 24043d2011a4 Downloading [===================================>               ]  97.52MB/138MB
 5df9c4c4dcbf Downloading [====>                                              ]  5.243MB/53.17MB
 71075870ab49 Extracting 3 s
 5df9c4c4dcbf Downloading [=====>                                             ]  6.291MB/53.17MB
 24043d2011a4 Downloading [===================================>               ]  98.57MB/138MB
 71075870ab49 Extracting 3 s
 24043d2011a4 Downloading [===================================>               ]  98.57MB/138MB
 5df9c4c4dcbf Downloading [=====>                                             ]  6.291MB/53.17MB
 71075870ab49 Extracting 3 s
 24043d2011a4 Downloading [====================================>              ]  99.61MB/138MB
 5df9c4c4dcbf Downloading [=====>                                             ]  6.291MB/53.17MB
 71075870ab49 Extracting 3 s
 5df9c4c4dcbf Downloading [=====>                                             ]  6.291MB/53.17MB
 24043d2011a4 Downloading [====================================>              ]  99.61MB/138MB
 71075870ab49 Extracting 4 s
 24043d2011a4 Downloading [====================================>              ]  100.7MB/138MB
 5df9c4c4dcbf Downloading [=====>                                             ]  6.291MB/53.17MB
 71075870ab49 Pull complete 
 24043d2011a4 Downloading [====================================>              ]  101.7MB/138MB
 5df9c4c4dcbf Downloading [=====>                                             ]  6.291MB/53.17MB
 24043d2011a4 Downloading [====================================>              ]  101.7MB/138MB
 5df9c4c4dcbf Downloading [=====>                                             ]  6.291MB/53.17MB
 24043d2011a4 Downloading [=====================================>             ]  102.8MB/138MB
 5df9c4c4dcbf Downloading [=====>                                             ]  6.291MB/53.17MB
 24043d2011a4 Downloading [=====================================>             ]  102.8MB/138MB
 5df9c4c4dcbf Downloading [=====>                                             ]  6.291MB/53.17MB
 24043d2011a4 Downloading [=====================================>             ]  102.8MB/138MB
 5df9c4c4dcbf Downloading [=====>                                             ]  6.291MB/53.17MB
 24043d2011a4 Downloading [=====================================>             ]  103.8MB/138MB
 5df9c4c4dcbf Downloading [=====>                                             ]  6.291MB/53.17MB
 24043d2011a4 Downloading [=====================================>             ]  104.9MB/138MB
 5df9c4c4dcbf Downloading [=====>                                             ]  6.291MB/53.17MB
 24043d2011a4 Downloading [=====================================>             ]  104.9MB/138MB
 5df9c4c4dcbf Downloading [=====>                                             ]  6.291MB/53.17MB
 5df9c4c4dcbf Downloading [=====>                                             ]  6.291MB/53.17MB
 24043d2011a4 Downloading [======================================>            ]  105.9MB/138MB
 24043d2011a4 Downloading [======================================>            ]    107MB/138MB
 5df9c4c4dcbf Downloading [=====>                                             ]  6.291MB/53.17MB
 24043d2011a4 Downloading [======================================>            ]    107MB/138MB
 5df9c4c4dcbf Downloading [=====>                                             ]  6.291MB/53.17MB
 24043d2011a4 Downloading [=======================================>           ]    108MB/138MB
 5df9c4c4dcbf Downloading [======>                                            ]   7.34MB/53.17MB
 5df9c4c4dcbf Downloading [======>                                            ]   7.34MB/53.17MB
 24043d2011a4 Downloading [=======================================>           ]    108MB/138MB
 24043d2011a4 Downloading [=======================================>           ]  109.1MB/138MB
 5df9c4c4dcbf Downloading [======>                                            ]   7.34MB/53.17MB
 24043d2011a4 Downloading [=======================================>           ]  109.1MB/138MB
 5df9c4c4dcbf Downloading [======>                                            ]   7.34MB/53.17MB
 24043d2011a4 Downloading [=======================================>           ]    110MB/138MB
 5df9c4c4dcbf Downloading [======>                                            ]   7.34MB/53.17MB
 24043d2011a4 Downloading [=======================================>           ]  110.1MB/138MB
 5df9c4c4dcbf Downloading [======>                                            ]   7.34MB/53.17MB
 24043d2011a4 Downloading [========================================>          ]  111.1MB/138MB
 5df9c4c4dcbf Downloading [======>                                            ]   7.34MB/53.17MB
 24043d2011a4 Downloading [========================================>          ]  111.1MB/138MB
 5df9c4c4dcbf Downloading [======>                                            ]   7.34MB/53.17MB
 24043d2011a4 Downloading [========================================>          ]  111.1MB/138MB
 5df9c4c4dcbf Downloading [======>                                            ]   7.34MB/53.17MB
 24043d2011a4 Downloading [========================================>          ]  112.2MB/138MB
 5df9c4c4dcbf Downloading [======>                                            ]   7.34MB/53.17MB
 24043d2011a4 Downloading [========================================>          ]  112.2MB/138MB
 5df9c4c4dcbf Downloading [======>                                            ]   7.34MB/53.17MB
 5df9c4c4dcbf Downloading [======>                                            ]   7.34MB/53.17MB
 24043d2011a4 Downloading [=========================================>         ]  113.2MB/138MB
 5df9c4c4dcbf Downloading [======>                                            ]   7.34MB/53.17MB
 24043d2011a4 Downloading [=========================================>         ]  113.2MB/138MB
 24043d2011a4 Downloading [=========================================>         ]  114.3MB/138MB
 5df9c4c4dcbf Downloading [=======>                                           ]  8.389MB/53.17MB
 5df9c4c4dcbf Downloading [=======>                                           ]  8.389MB/53.17MB
 24043d2011a4 Downloading [=========================================>         ]  114.3MB/138MB
 24043d2011a4 Downloading [=========================================>         ]  114.3MB/138MB
 5df9c4c4dcbf Downloading [=======>                                           ]  8.389MB/53.17MB
 24043d2011a4 Downloading [=========================================>         ]  115.3MB/138MB
 5df9c4c4dcbf Downloading [=======>                                           ]  8.389MB/53.17MB
 24043d2011a4 Downloading [=========================================>         ]  115.3MB/138MB
 5df9c4c4dcbf Downloading [=======>                                           ]  8.389MB/53.17MB
 24043d2011a4 Downloading [==========================================>        ]  116.4MB/138MB
 5df9c4c4dcbf Downloading [=======>                                           ]  8.389MB/53.17MB
 24043d2011a4 Downloading [==========================================>        ]  117.4MB/138MB
 5df9c4c4dcbf Downloading [=======>                                           ]  8.389MB/53.17MB
 24043d2011a4 Downloading [==========================================>        ]  117.4MB/138MB
 5df9c4c4dcbf Downloading [=======>                                           ]  8.389MB/53.17MB
 5df9c4c4dcbf Downloading [=======>                                           ]  8.389MB/53.17MB
 24043d2011a4 Downloading [==========================================>        ]  117.4MB/138MB
 24043d2011a4 Downloading [==========================================>        ]  117.4MB/138MB
 5df9c4c4dcbf Downloading [=======>                                           ]  8.389MB/53.17MB
 24043d2011a4 Downloading [==========================================>        ]  118.5MB/138MB
 5df9c4c4dcbf Downloading [=======>                                           ]  8.389MB/53.17MB
 24043d2011a4 Downloading [==========================================>        ]  118.5MB/138MB
 5df9c4c4dcbf Downloading [=======>                                           ]  8.389MB/53.17MB
 24043d2011a4 Downloading [===========================================>       ]  119.5MB/138MB
 5df9c4c4dcbf Downloading [=======>                                           ]  8.389MB/53.17MB
 24043d2011a4 Downloading [===========================================>       ]  119.5MB/138MB
 5df9c4c4dcbf Downloading [========>                                          ]  9.437MB/53.17MB
 5df9c4c4dcbf Downloading [========>                                          ]  9.437MB/53.17MB
 24043d2011a4 Downloading [===========================================>       ]  120.6MB/138MB
 24043d2011a4 Downloading [============================================>      ]  122.7MB/138MB
 5df9c4c4dcbf Downloading [========>                                          ]  9.437MB/53.17MB
 24043d2011a4 Downloading [============================================>      ]  122.7MB/138MB
 5df9c4c4dcbf Downloading [========>                                          ]  9.437MB/53.17MB
 24043d2011a4 Downloading [============================================>      ]  122.7MB/138MB
 5df9c4c4dcbf Downloading [========>                                          ]  9.437MB/53.17MB
 24043d2011a4 Downloading [============================================>      ]  123.7MB/138MB
 5df9c4c4dcbf Downloading [========>                                          ]  9.437MB/53.17MB
 5df9c4c4dcbf Downloading [========>                                          ]  9.437MB/53.17MB
 24043d2011a4 Downloading [=============================================>     ]  124.8MB/138MB
 24043d2011a4 Downloading [=============================================>     ]  125.8MB/138MB
 5df9c4c4dcbf Downloading [========>                                          ]  9.437MB/53.17MB
 5df9c4c4dcbf Downloading [========>                                          ]  9.437MB/53.17MB
 24043d2011a4 Downloading [=============================================>     ]  125.8MB/138MB
 24043d2011a4 Downloading [=============================================>     ]  126.9MB/138MB
 5df9c4c4dcbf Downloading [========>                                          ]  9.437MB/53.17MB
 24043d2011a4 Downloading [=============================================>     ]  126.9MB/138MB
 5df9c4c4dcbf Downloading [========>                                          ]  9.437MB/53.17MB
 5df9c4c4dcbf Downloading [========>                                          ]  9.437MB/53.17MB
 24043d2011a4 Downloading [==============================================>    ]  127.9MB/138MB
 24043d2011a4 Downloading [==============================================>    ]  127.9MB/138MB
 5df9c4c4dcbf Downloading [========>                                          ]  9.437MB/53.17MB
 5df9c4c4dcbf Downloading [=========>                                         ]  10.49MB/53.17MB
 24043d2011a4 Downloading [==============================================>    ]    129MB/138MB
 24043d2011a4 Downloading [==============================================>    ]    129MB/138MB
 5df9c4c4dcbf Downloading [=========>                                         ]  10.49MB/53.17MB
 5df9c4c4dcbf Downloading [=========>                                         ]  10.49MB/53.17MB
 24043d2011a4 Downloading [===============================================>   ]    130MB/138MB
 24043d2011a4 Downloading [===============================================>   ]    130MB/138MB
 5df9c4c4dcbf Downloading [=========>                                         ]  10.49MB/53.17MB
 5df9c4c4dcbf Downloading [=========>                                         ]  10.49MB/53.17MB
 24043d2011a4 Downloading [===============================================>   ]  131.1MB/138MB
 24043d2011a4 Downloading [===============================================>   ]  131.1MB/138MB
 5df9c4c4dcbf Downloading [=========>                                         ]  10.49MB/53.17MB
 24043d2011a4 Downloading [===============================================>   ]  132.1MB/138MB
 5df9c4c4dcbf Downloading [=========>                                         ]  10.49MB/53.17MB
 24043d2011a4 Downloading [===============================================>   ]  132.1MB/138MB
 5df9c4c4dcbf Downloading [=========>                                         ]  10.49MB/53.17MB
 24043d2011a4 Downloading [================================================>  ]  133.2MB/138MB
 5df9c4c4dcbf Downloading [=========>                                         ]  10.49MB/53.17MB
 24043d2011a4 Downloading [================================================>  ]  133.2MB/138MB
 5df9c4c4dcbf Downloading [=========>                                         ]  10.49MB/53.17MB
 24043d2011a4 Downloading [================================================>  ]  134.2MB/138MB
 5df9c4c4dcbf Downloading [==========>                                        ]  11.53MB/53.17MB
 24043d2011a4 Downloading [================================================>  ]  134.2MB/138MB
 5df9c4c4dcbf Downloading [==========>                                        ]  11.53MB/53.17MB
 5df9c4c4dcbf Downloading [==========>                                        ]  11.53MB/53.17MB
 24043d2011a4 Downloading [=================================================> ]  135.3MB/138MB
 24043d2011a4 Downloading [=================================================> ]  135.3MB/138MB
 5df9c4c4dcbf Downloading [==========>                                        ]  11.53MB/53.17MB
 24043d2011a4 Downloading [=================================================> ]  136.3MB/138MB
 5df9c4c4dcbf Downloading [==========>                                        ]  11.53MB/53.17MB
 24043d2011a4 Downloading [=================================================> ]  136.3MB/138MB
 5df9c4c4dcbf Downloading [==========>                                        ]  11.53MB/53.17MB
 24043d2011a4 Downloading [=================================================> ]  137.4MB/138MB
 5df9c4c4dcbf Downloading [==========>                                        ]  11.53MB/53.17MB
 24043d2011a4 Downloading [==================================================>]    138MB/138MB
 5df9c4c4dcbf Downloading [==========>                                        ]  11.53MB/53.17MB
 5df9c4c4dcbf Downloading [===========>                                       ]  12.45MB/53.17MB
 24043d2011a4 Download complete 
 5df9c4c4dcbf Downloading [===========>                                       ]  12.58MB/53.17MB
 5df9c4c4dcbf Downloading [===========>                                       ]  12.58MB/53.17MB
 5df9c4c4dcbf Downloading [===========>                                       ]  12.58MB/53.17MB
 5df9c4c4dcbf Downloading [============>                                      ]  13.63MB/53.17MB
 5df9c4c4dcbf Downloading [============>                                      ]  13.63MB/53.17MB
 5df9c4c4dcbf Downloading [=============>                                     ]  14.68MB/53.17MB
 5df9c4c4dcbf Downloading [==============>                                    ]  15.73MB/53.17MB
 5df9c4c4dcbf Downloading [===============>                                   ]  16.78MB/53.17MB
 5df9c4c4dcbf Downloading [================>                                  ]  17.83MB/53.17MB
 5df9c4c4dcbf Downloading [=================>                                 ]  18.87MB/53.17MB
 5df9c4c4dcbf Downloading [==================>                                ]  19.92MB/53.17MB
 5df9c4c4dcbf Downloading [===================>                               ]  20.97MB/53.17MB
 5df9c4c4dcbf Downloading [====================>                              ]  22.02MB/53.17MB
 5df9c4c4dcbf Downloading [=====================>                             ]  23.07MB/53.17MB
 5df9c4c4dcbf Downloading [======================>                            ]  24.12MB/53.17MB
 5df9c4c4dcbf Downloading [========================>                          ]  26.21MB/53.17MB
 5df9c4c4dcbf Downloading [========================>                          ]  26.21MB/53.17MB
 5df9c4c4dcbf Downloading [=========================>                         ]  27.26MB/53.17MB
 5df9c4c4dcbf Downloading [==========================>                        ]  28.31MB/53.17MB
 5df9c4c4dcbf Downloading [==========================>                        ]  28.31MB/53.17MB
 5df9c4c4dcbf Downloading [===========================>                       ]  29.36MB/53.17MB
 5df9c4c4dcbf Downloading [===========================>                       ]  29.36MB/53.17MB
 5df9c4c4dcbf Downloading [============================>                      ]  30.41MB/53.17MB
 5df9c4c4dcbf Downloading [=============================>                     ]  31.46MB/53.17MB
 5df9c4c4dcbf Downloading [=============================>                     ]  31.46MB/53.17MB
 5df9c4c4dcbf Downloading [==============================>                    ]  32.51MB/53.17MB
 5df9c4c4dcbf Downloading [==============================>                    ]  32.51MB/53.17MB
 5df9c4c4dcbf Downloading [===============================>                   ]  33.55MB/53.17MB
 5df9c4c4dcbf Downloading [================================>                  ]   34.6MB/53.17MB
 5df9c4c4dcbf Downloading [================================>                  ]   34.6MB/53.17MB
 5df9c4c4dcbf Downloading [=================================>                 ]  35.65MB/53.17MB
 5df9c4c4dcbf Downloading [=================================>                 ]  35.65MB/53.17MB
 5df9c4c4dcbf Downloading [==================================>                ]   36.7MB/53.17MB
 5df9c4c4dcbf Downloading [===================================>               ]  37.75MB/53.17MB
 5df9c4c4dcbf Downloading [===================================>               ]  37.75MB/53.17MB
 5df9c4c4dcbf Downloading [====================================>              ]   38.8MB/53.17MB
 5df9c4c4dcbf Downloading [=====================================>             ]  39.85MB/53.17MB
 5df9c4c4dcbf Downloading [=====================================>             ]  39.85MB/53.17MB
 5df9c4c4dcbf Downloading [======================================>            ]  40.89MB/53.17MB
 5df9c4c4dcbf Downloading [======================================>            ]  40.89MB/53.17MB
 5df9c4c4dcbf Downloading [=======================================>           ]  41.94MB/53.17MB
 5df9c4c4dcbf Downloading [========================================>          ]  42.99MB/53.17MB
 5df9c4c4dcbf Downloading [========================================>          ]  42.99MB/53.17MB
 5df9c4c4dcbf Downloading [=========================================>         ]  44.04MB/53.17MB
 5df9c4c4dcbf Downloading [=========================================>         ]  44.04MB/53.17MB
 5df9c4c4dcbf Downloading [==========================================>        ]  45.09MB/53.17MB
 5df9c4c4dcbf Downloading [===========================================>       ]  46.14MB/53.17MB
 5df9c4c4dcbf Downloading [===========================================>       ]  46.14MB/53.17MB
 5df9c4c4dcbf Downloading [============================================>      ]  47.19MB/53.17MB
 5df9c4c4dcbf Downloading [=============================================>     ]  48.23MB/53.17MB
 5df9c4c4dcbf Downloading [=============================================>     ]  48.23MB/53.17MB
 5df9c4c4dcbf Downloading [==============================================>    ]  49.28MB/53.17MB
 5df9c4c4dcbf Downloading [==============================================>    ]  49.28MB/53.17MB
 5df9c4c4dcbf Downloading [===============================================>   ]  50.33MB/53.17MB
 5df9c4c4dcbf Downloading [================================================>  ]  51.38MB/53.17MB
 5df9c4c4dcbf Downloading [================================================>  ]  51.38MB/53.17MB
 5df9c4c4dcbf Downloading [=================================================> ]  52.43MB/53.17MB
 5df9c4c4dcbf Downloading [==================================================>]  53.17MB/53.17MB
 5df9c4c4dcbf Download complete 
 5df9c4c4dcbf Extracting 1 s
 5df9c4c4dcbf Extracting 1 s
 5df9c4c4dcbf Extracting 1 s
 5df9c4c4dcbf Extracting 1 s
 5df9c4c4dcbf Extracting 1 s
 5df9c4c4dcbf Extracting 1 s
 5df9c4c4dcbf Extracting 1 s
 5df9c4c4dcbf Extracting 1 s
 5df9c4c4dcbf Extracting 1 s
 5df9c4c4dcbf Extracting 1 s
 5df9c4c4dcbf Extracting 1 s
 5df9c4c4dcbf Extracting 2 s
 5df9c4c4dcbf Extracting 2 s
 5df9c4c4dcbf Extracting 2 s
 5df9c4c4dcbf Extracting 2 s
 5df9c4c4dcbf Extracting 2 s
 5df9c4c4dcbf Extracting 2 s
 5df9c4c4dcbf Extracting 2 s
 5df9c4c4dcbf Extracting 2 s
 5df9c4c4dcbf Extracting 2 s
 5df9c4c4dcbf Extracting 3 s
 5df9c4c4dcbf Extracting 3 s
 5df9c4c4dcbf Extracting 3 s
 5df9c4c4dcbf Extracting 3 s
 5df9c4c4dcbf Extracting 3 s
 5df9c4c4dcbf Extracting 3 s
 5df9c4c4dcbf Extracting 3 s
 5df9c4c4dcbf Extracting 3 s
 5df9c4c4dcbf Extracting 3 s
 5df9c4c4dcbf Extracting 3 s
 5df9c4c4dcbf Extracting 4 s
 5df9c4c4dcbf Extracting 4 s
 5df9c4c4dcbf Extracting 4 s
 5df9c4c4dcbf Extracting 4 s
 5df9c4c4dcbf Extracting 4 s
 5df9c4c4dcbf Extracting 4 s
 5df9c4c4dcbf Extracting 4 s
 5df9c4c4dcbf Extracting 4 s
 5df9c4c4dcbf Extracting 4 s
 5df9c4c4dcbf Extracting 4 s
 5df9c4c4dcbf Extracting 5 s
 5df9c4c4dcbf Extracting 5 s
 5df9c4c4dcbf Extracting 5 s
 5df9c4c4dcbf Extracting 5 s
 5df9c4c4dcbf Extracting 5 s
 5df9c4c4dcbf Pull complete 
 3655cb26ed1a Pull complete 
 1a7a516dcbb6 Pull complete 
 24043d2011a4 Extracting 1 s
 24043d2011a4 Extracting 1 s
 24043d2011a4 Extracting 1 s
 24043d2011a4 Extracting 1 s
 24043d2011a4 Extracting 1 s
 24043d2011a4 Extracting 1 s
 24043d2011a4 Extracting 1 s
 24043d2011a4 Extracting 1 s
 24043d2011a4 Extracting 2 s
 24043d2011a4 Extracting 2 s
 24043d2011a4 Extracting 2 s
 24043d2011a4 Extracting 2 s
 24043d2011a4 Extracting 2 s
 24043d2011a4 Extracting 2 s
 24043d2011a4 Extracting 2 s
 24043d2011a4 Extracting 2 s
 24043d2011a4 Extracting 2 s
 24043d2011a4 Extracting 2 s
 24043d2011a4 Extracting 2 s
 24043d2011a4 Extracting 3 s
 24043d2011a4 Extracting 3 s
 24043d2011a4 Extracting 3 s
 24043d2011a4 Extracting 3 s
 24043d2011a4 Extracting 3 s
 24043d2011a4 Extracting 3 s
 24043d2011a4 Extracting 3 s
 24043d2011a4 Extracting 3 s
 24043d2011a4 Extracting 3 s
 24043d2011a4 Extracting 4 s
 24043d2011a4 Extracting 4 s
 24043d2011a4 Extracting 4 s
 24043d2011a4 Extracting 4 s
 24043d2011a4 Extracting 4 s
 24043d2011a4 Extracting 4 s
 24043d2011a4 Extracting 4 s
 24043d2011a4 Extracting 4 s
 24043d2011a4 Extracting 4 s
 24043d2011a4 Extracting 4 s
 24043d2011a4 Extracting 4 s
 24043d2011a4 Extracting 5 s
 24043d2011a4 Extracting 5 s
 24043d2011a4 Extracting 5 s
 24043d2011a4 Extracting 5 s
 24043d2011a4 Extracting 5 s
 24043d2011a4 Pull complete 
 99238bb853e4 Pull complete 
 0f79893ae8e0 Extracting 1 s
 0f79893ae8e0 Extracting 1 s
 0f79893ae8e0 Extracting 1 s
 0f79893ae8e0 Extracting 1 s
 0f79893ae8e0 Extracting 1 s
 0f79893ae8e0 Extracting 1 s
 0f79893ae8e0 Extracting 1 s
 0f79893ae8e0 Extracting 1 s
 0f79893ae8e0 Extracting 1 s
 0f79893ae8e0 Extracting 1 s
 0f79893ae8e0 Extracting 1 s
 0f79893ae8e0 Extracting 2 s
 0f79893ae8e0 Extracting 2 s
 0f79893ae8e0 Extracting 2 s
 0f79893ae8e0 Extracting 2 s
 0f79893ae8e0 Extracting 2 s
 0f79893ae8e0 Extracting 2 s
 0f79893ae8e0 Extracting 2 s
 0f79893ae8e0 Extracting 2 s
 0f79893ae8e0 Extracting 2 s
 0f79893ae8e0 Extracting 3 s
 0f79893ae8e0 Extracting 3 s
 0f79893ae8e0 Extracting 3 s
 0f79893ae8e0 Extracting 3 s
 0f79893ae8e0 Extracting 3 s
 0f79893ae8e0 Pull complete 
 edf3d2d03510 Extracting 1 s
 edf3d2d03510 Extracting 1 s
 edf3d2d03510 Extracting 1 s
 edf3d2d03510 Extracting 1 s
 d781dd4a40ed Extracting 1 s
 7075c2f6271f Pull complete 
 edf3d2d03510 Pull complete 
 d781dd4a40ed Pull complete 
 kafka Pulled 
#1 [internal] load local bake definitions
#1 reading from stdin 3.29kB done
#1 DONE 0.0s

#2 [api-gateway internal] load build definition from Dockerfile
#2 transferring dockerfile: 566B 0.0s done
#2 DONE 0.1s

#3 [discovery-server internal] load build definition from Dockerfile
#3 transferring dockerfile: 589B 0.0s done
#3 DONE 0.1s

#4 [catalog-service internal] load build definition from Dockerfile
#4 transferring dockerfile: 586B 0.0s done
#4 DONE 0.1s

#5 [auth-service internal] load build definition from Dockerfile
#5 transferring dockerfile: 585B 0.0s done
#5 DONE 0.1s

#6 [notification-service internal] load build definition from Dockerfile
#6 transferring dockerfile: 602B 0.0s done
#6 DONE 0.1s

#7 [ai-service internal] load build definition from Dockerfile
#7 transferring dockerfile: 572B 0.0s done
#7 DONE 0.1s

#8 [order-service internal] load build definition from Dockerfile
#8 transferring dockerfile: 581B 0.0s done
#8 DONE 0.1s

#9 [catalog-service internal] load metadata for docker.io/library/maven:3.9-amazoncorretto-17
#9 DONE 2.5s

#10 [catalog-service internal] load metadata for docker.io/library/eclipse-temurin:17-jre-alpine
#10 DONE 3.2s

#11 [catalog-service internal] load .dockerignore
#11 transferring context: 72B 0.0s done
#11 DONE 0.0s

#12 [discovery-server internal] load build context
#12 DONE 0.0s

#13 [discovery-server stage-1 1/3] FROM docker.io/library/eclipse-temurin:17-jre-alpine@sha256:3c472129dc75a8d1d7a3f2df5b2093a8077e4493deff046754d4764d0371de63
#13 resolve docker.io/library/eclipse-temurin:17-jre-alpine@sha256:3c472129dc75a8d1d7a3f2df5b2093a8077e4493deff046754d4764d0371de63 0.1s done
#13 ...

#14 [catalog-service builder 1/4] FROM docker.io/library/maven:3.9-amazoncorretto-17@sha256:046784a9c83821fc3e9ded94c2f18155e0daf1981c8a0813d0ff693a9dc4a51b
#14 resolve docker.io/library/maven:3.9-amazoncorretto-17@sha256:046784a9c83821fc3e9ded94c2f18155e0daf1981c8a0813d0ff693a9dc4a51b 0.1s done
#14 DONE 0.1s

#13 [notification-service stage-1 1/3] FROM docker.io/library/eclipse-temurin:17-jre-alpine@sha256:3c472129dc75a8d1d7a3f2df5b2093a8077e4493deff046754d4764d0371de63
#13 resolve docker.io/library/eclipse-temurin:17-jre-alpine@sha256:3c472129dc75a8d1d7a3f2df5b2093a8077e4493deff046754d4764d0371de63 0.1s done
#13 ...

#12 [catalog-service internal] load build context
#12 transferring context: 177.57kB 0.2s done
#12 DONE 0.3s

#15 [notification-service builder 2/4] WORKDIR /build
#15 CACHED

#13 [api-gateway stage-1 1/3] FROM docker.io/library/eclipse-temurin:17-jre-alpine@sha256:3c472129dc75a8d1d7a3f2df5b2093a8077e4493deff046754d4764d0371de63
#13 sha256:2b4bfbd732889dc44f84448164807969598d889b521a06a509bfa6f3149e8e0e 0B / 2.46kB 0.2s
#13 sha256:b13c582bc86c00d52360e98f37b00bc7f02ea3262b11f2e3ded435c6cb82b017 0B / 127B 0.2s
#13 sha256:647d5c102196b54d2dfccaa7f779a204eb9a388ded7e4053bcce16c387207fcf 0B / 47.19MB 0.2s
#13 sha256:f67820664a14b831543f8a1c48f926e7d40bdb0f1f4e7a133d53e53559ccbd03 0B / 19.44MB 0.2s
#13 sha256:2b4bfbd732889dc44f84448164807969598d889b521a06a509bfa6f3149e8e0e 2.46kB / 2.46kB 0.4s done
#13 sha256:b13c582bc86c00d52360e98f37b00bc7f02ea3262b11f2e3ded435c6cb82b017 127B / 127B 0.6s done
#13 ...

#16 [ai-service builder 3/4] COPY . .
#16 DONE 1.1s

#13 [api-gateway stage-1 1/3] FROM docker.io/library/eclipse-temurin:17-jre-alpine@sha256:3c472129dc75a8d1d7a3f2df5b2093a8077e4493deff046754d4764d0371de63
#13 sha256:647d5c102196b54d2dfccaa7f779a204eb9a388ded7e4053bcce16c387207fcf 4.19MB / 47.19MB 1.5s
#13 sha256:f67820664a14b831543f8a1c48f926e7d40bdb0f1f4e7a133d53e53559ccbd03 1.05MB / 19.44MB 1.5s
#13 sha256:647d5c102196b54d2dfccaa7f779a204eb9a388ded7e4053bcce16c387207fcf 7.34MB / 47.19MB 1.8s
#13 sha256:f67820664a14b831543f8a1c48f926e7d40bdb0f1f4e7a133d53e53559ccbd03 2.10MB / 19.44MB 1.9s
#13 sha256:f67820664a14b831543f8a1c48f926e7d40bdb0f1f4e7a133d53e53559ccbd03 3.15MB / 19.44MB 2.1s
#13 sha256:f67820664a14b831543f8a1c48f926e7d40bdb0f1f4e7a133d53e53559ccbd03 4.19MB / 19.44MB 2.4s
#13 sha256:647d5c102196b54d2dfccaa7f779a204eb9a388ded7e4053bcce16c387207fcf 10.49MB / 47.19MB 2.7s
#13 sha256:f67820664a14b831543f8a1c48f926e7d40bdb0f1f4e7a133d53e53559ccbd03 5.24MB / 19.44MB 2.7s
#13 sha256:f67820664a14b831543f8a1c48f926e7d40bdb0f1f4e7a133d53e53559ccbd03 6.29MB / 19.44MB 3.0s
#13 sha256:f67820664a14b831543f8a1c48f926e7d40bdb0f1f4e7a133d53e53559ccbd03 7.34MB / 19.44MB 3.3s
#13 sha256:f67820664a14b831543f8a1c48f926e7d40bdb0f1f4e7a133d53e53559ccbd03 8.39MB / 19.44MB 3.4s
#13 sha256:647d5c102196b54d2dfccaa7f779a204eb9a388ded7e4053bcce16c387207fcf 13.63MB / 47.19MB 3.8s
#13 sha256:f67820664a14b831543f8a1c48f926e7d40bdb0f1f4e7a133d53e53559ccbd03 9.44MB / 19.44MB 3.9s
#13 sha256:f67820664a14b831543f8a1c48f926e7d40bdb0f1f4e7a133d53e53559ccbd03 10.49MB / 19.44MB 4.2s
#13 sha256:f67820664a14b831543f8a1c48f926e7d40bdb0f1f4e7a133d53e53559ccbd03 11.53MB / 19.44MB 4.4s
#13 sha256:647d5c102196b54d2dfccaa7f779a204eb9a388ded7e4053bcce16c387207fcf 16.40MB / 47.19MB 4.9s
#13 sha256:f67820664a14b831543f8a1c48f926e7d40bdb0f1f4e7a133d53e53559ccbd03 12.58MB / 19.44MB 4.8s
#13 sha256:f67820664a14b831543f8a1c48f926e7d40bdb0f1f4e7a133d53e53559ccbd03 13.63MB / 19.44MB 5.1s
#13 sha256:647d5c102196b54d2dfccaa7f779a204eb9a388ded7e4053bcce16c387207fcf 18.87MB / 47.19MB 5.5s
#13 sha256:f67820664a14b831543f8a1c48f926e7d40bdb0f1f4e7a133d53e53559ccbd03 14.68MB / 19.44MB 5.4s
#13 sha256:f67820664a14b831543f8a1c48f926e7d40bdb0f1f4e7a133d53e53559ccbd03 15.73MB / 19.44MB 5.8s
#13 sha256:f67820664a14b831543f8a1c48f926e7d40bdb0f1f4e7a133d53e53559ccbd03 16.71MB / 19.44MB 6.0s
#13 sha256:647d5c102196b54d2dfccaa7f779a204eb9a388ded7e4053bcce16c387207fcf 21.48MB / 47.19MB 6.3s
#13 sha256:f67820664a14b831543f8a1c48f926e7d40bdb0f1f4e7a133d53e53559ccbd03 17.83MB / 19.44MB 6.4s
#13 sha256:f67820664a14b831543f8a1c48f926e7d40bdb0f1f4e7a133d53e53559ccbd03 19.44MB / 19.44MB 7.0s done
#13 sha256:647d5c102196b54d2dfccaa7f779a204eb9a388ded7e4053bcce16c387207fcf 24.12MB / 47.19MB 7.0s
#13 sha256:f67820664a14b831543f8a1c48f926e7d40bdb0f1f4e7a133d53e53559ccbd03 19.44MB / 19.44MB 7.0s done
#13 extracting sha256:f67820664a14b831543f8a1c48f926e7d40bdb0f1f4e7a133d53e53559ccbd03
#13 sha256:647d5c102196b54d2dfccaa7f779a204eb9a388ded7e4053bcce16c387207fcf 27.26MB / 47.19MB 7.5s
#13 sha256:647d5c102196b54d2dfccaa7f779a204eb9a388ded7e4053bcce16c387207fcf 30.41MB / 47.19MB 7.9s
#13 sha256:647d5c102196b54d2dfccaa7f779a204eb9a388ded7e4053bcce16c387207fcf 33.20MB / 47.19MB 8.4s
#13 sha256:647d5c102196b54d2dfccaa7f779a204eb9a388ded7e4053bcce16c387207fcf 35.65MB / 47.19MB 8.7s
#13 sha256:647d5c102196b54d2dfccaa7f779a204eb9a388ded7e4053bcce16c387207fcf 38.80MB / 47.19MB 9.1s
#13 extracting sha256:f67820664a14b831543f8a1c48f926e7d40bdb0f1f4e7a133d53e53559ccbd03 2.3s done
#13 extracting sha256:f67820664a14b831543f8a1c48f926e7d40bdb0f1f4e7a133d53e53559ccbd03 2.3s done
#13 sha256:647d5c102196b54d2dfccaa7f779a204eb9a388ded7e4053bcce16c387207fcf 41.94MB / 47.19MB 9.8s
#13 sha256:647d5c102196b54d2dfccaa7f779a204eb9a388ded7e4053bcce16c387207fcf 45.09MB / 47.19MB 10.2s
#13 sha256:647d5c102196b54d2dfccaa7f779a204eb9a388ded7e4053bcce16c387207fcf 47.19MB / 47.19MB 10.5s done
#13 extracting sha256:647d5c102196b54d2dfccaa7f779a204eb9a388ded7e4053bcce16c387207fcf
#13 ...

#17 [notification-service builder 4/4] RUN --mount=type=cache,id=eshop-maven,target=/root/.m2,sharing=locked     mvn -B -ntp -pl notification-service -am -DskipTests package
#17 ...

#18 [ai-service builder 4/4] RUN --mount=type=cache,id=eshop-maven,target=/root/.m2,sharing=locked     mvn -B -ntp -pl ai-service -am -DskipTests package
#18 8.884 [INFO] Scanning for projects...
#18 ...

#19 [catalog-service builder 4/4] RUN --mount=type=cache,id=eshop-maven,target=/root/.m2,sharing=locked     mvn -B -ntp -pl catalog-service -am -DskipTests package
#19 ...

#20 [api-gateway builder 4/4] RUN --mount=type=cache,id=eshop-maven,target=/root/.m2,sharing=locked     mvn -B -ntp -pl api-gateway -am -DskipTests package
#20 ...

#21 [auth-service builder 4/4] RUN --mount=type=cache,id=eshop-maven,target=/root/.m2,sharing=locked     mvn -B -ntp -pl auth-service -am -DskipTests package
#21 ...

#22 [order-service builder 4/4] RUN --mount=type=cache,id=eshop-maven,target=/root/.m2,sharing=locked     mvn -B -ntp -pl order-service -am -DskipTests package
#22 ...

#23 [discovery-server builder 4/4] RUN --mount=type=cache,id=eshop-maven,target=/root/.m2,sharing=locked     mvn -B -ntp -pl discovery-server -am -DskipTests package
#23 ...

#18 [ai-service builder 4/4] RUN --mount=type=cache,id=eshop-maven,target=/root/.m2,sharing=locked     mvn -B -ntp -pl ai-service -am -DskipTests package
#18 10.48 [INFO] ------------------------------------------------------------------------
#18 10.48 [INFO] Reactor Build Order:
#18 10.48 [INFO] 
#18 10.49 [INFO] eshop-microservices                                                [pom]
#18 10.49 [INFO] common-lib                                                         [jar]
#18 10.49 [INFO] ai-service                                                         [jar]
#18 10.54 [INFO] 
#18 10.54 [INFO] ---------------< com.example.eshop:eshop-microservices >----------------
#18 10.54 [INFO] Building eshop-microservices 0.0.1-SNAPSHOT                        [1/3]
#18 10.54 [INFO]   from pom.xml
#18 10.54 [INFO] --------------------------------[ pom ]---------------------------------
#18 10.54 [INFO] 
#18 10.54 [INFO] --------------------< com.example.eshop:common-lib >--------------------
#18 10.54 [INFO] Building common-lib 0.0.1-SNAPSHOT                                 [2/3]
#18 10.54 [INFO]   from common-lib/pom.xml
#18 10.54 [INFO] --------------------------------[ jar ]---------------------------------
#18 13.33 [INFO] 
#18 13.33 [INFO] --- resources:3.3.1:resources (default-resources) @ common-lib ---
#18 13.96 [INFO] skip non existing resourceDirectory /build/common-lib/src/main/resources
#18 13.96 [INFO] skip non existing resourceDirectory /build/common-lib/src/main/resources
#18 13.96 [INFO] 
#18 13.96 [INFO] --- compiler:3.14.0:compile (default-compile) @ common-lib ---
#18 14.54 [INFO] Recompiling the module because of changed source code.
#18 ...

#13 [notification-service stage-1 1/3] FROM docker.io/library/eclipse-temurin:17-jre-alpine@sha256:3c472129dc75a8d1d7a3f2df5b2093a8077e4493deff046754d4764d0371de63
#13 extracting sha256:647d5c102196b54d2dfccaa7f779a204eb9a388ded7e4053bcce16c387207fcf 5.1s done
#13 extracting sha256:b13c582bc86c00d52360e98f37b00bc7f02ea3262b11f2e3ded435c6cb82b017 0.0s done
#13 extracting sha256:2b4bfbd732889dc44f84448164807969598d889b521a06a509bfa6f3149e8e0e 0.0s done
#13 DONE 16.0s

#18 [ai-service builder 4/4] RUN --mount=type=cache,id=eshop-maven,target=/root/.m2,sharing=locked     mvn -B -ntp -pl ai-service -am -DskipTests package
#18 14.57 [INFO] Compiling 33 source files with javac [debug parameters release 17] to target/classes
#18 ...

#24 [catalog-service stage-1 2/3] WORKDIR /app
#24 DONE 0.1s

#17 [notification-service builder 4/4] RUN --mount=type=cache,id=eshop-maven,target=/root/.m2,sharing=locked     mvn -B -ntp -pl notification-service -am -DskipTests package
#17 ...

#18 [ai-service builder 4/4] RUN --mount=type=cache,id=eshop-maven,target=/root/.m2,sharing=locked     mvn -B -ntp -pl ai-service -am -DskipTests package
#18 19.26 [INFO] 
#18 19.26 [INFO] --- resources:3.3.1:testResources (default-testResources) @ common-lib ---
#18 19.27 [INFO] skip non existing resourceDirectory /build/common-lib/src/test/resources
#18 19.27 [INFO] 
#18 19.27 [INFO] --- compiler:3.14.0:testCompile (default-testCompile) @ common-lib ---
#18 19.31 [INFO] Recompiling the module because of changed dependency.
#18 19.31 [INFO] Compiling 2 source files with javac [debug parameters release 17] to target/test-classes
#18 20.50 [INFO] 
#18 20.50 [INFO] --- surefire:3.5.3:test (default-test) @ common-lib ---
#18 20.63 [INFO] Tests are skipped.
#18 20.63 [INFO] 
#18 20.63 [INFO] --- jar:3.4.2:jar (default-jar) @ common-lib ---
#18 20.98 [INFO] Building jar: /build/common-lib/target/common-lib-0.0.1-SNAPSHOT.jar
#18 21.08 [INFO] 
#18 21.08 [INFO] --------------------< com.example.eshop:ai-service >--------------------
#18 21.08 [INFO] Building ai-service 0.0.1-SNAPSHOT                                 [3/3]
#18 21.08 [INFO]   from ai-service/pom.xml
#18 21.08 [INFO] --------------------------------[ jar ]---------------------------------
#18 27.48 [INFO] 
#18 27.48 [INFO] --- resources:3.3.1:resources (default-resources) @ ai-service ---
#18 27.50 [INFO] Copying 1 resource from src/main/resources to target/classes
#18 27.54 [INFO] Copying 1 resource from src/main/resources to target/classes
#18 27.55 [INFO] 
#18 27.55 [INFO] --- compiler:3.14.0:compile (default-compile) @ ai-service ---
#18 27.63 [INFO] Recompiling the module because of changed dependency.
#18 27.63 [INFO] Compiling 24 source files with javac [debug parameters release 17] to target/classes
#18 30.81 [INFO] /build/ai-service/src/main/java/com/example/eshop/ai/client/OpenAiProviderClient.java: /build/ai-service/src/main/java/com/example/eshop/ai/client/OpenAiProviderClient.java uses or overrides a deprecated API.
#18 30.81 [INFO] /build/ai-service/src/main/java/com/example/eshop/ai/client/OpenAiProviderClient.java: Recompile with -Xlint:deprecation for details.
#18 30.81 [INFO] 
#18 30.81 [INFO] --- resources:3.3.1:testResources (default-testResources) @ ai-service ---
#18 30.82 [INFO] skip non existing resourceDirectory /build/ai-service/src/test/resources
#18 30.82 [INFO] 
#18 30.82 [INFO] --- compiler:3.14.0:testCompile (default-testCompile) @ ai-service ---
#18 30.83 [INFO] No sources to compile
#18 30.83 [INFO] 
#18 30.83 [INFO] --- surefire:3.5.3:test (default-test) @ ai-service ---
#18 30.84 [INFO] Tests are skipped.
#18 30.84 [INFO] 
#18 30.84 [INFO] --- jar:3.4.2:jar (default-jar) @ ai-service ---
#18 30.86 [INFO] Building jar: /build/ai-service/target/ai-service-0.0.1-SNAPSHOT.jar
#18 30.90 [INFO] 
#18 30.90 [INFO] --- spring-boot:3.5.0:repackage (repackage) @ ai-service ---
#18 35.59 [INFO] Replacing main artifact /build/ai-service/target/ai-service-0.0.1-SNAPSHOT.jar with repackaged archive, adding nested dependencies in BOOT-INF/.
#18 35.59 [INFO] The original artifact has been renamed to /build/ai-service/target/ai-service-0.0.1-SNAPSHOT.jar.original
#18 35.60 [INFO] ------------------------------------------------------------------------
#18 35.60 [INFO] Reactor Summary for eshop-microservices 0.0.1-SNAPSHOT:
#18 35.60 [INFO] 
#18 35.60 [INFO] eshop-microservices ................................ SUCCESS [  0.009 s]
#18 35.60 [INFO] common-lib ......................................... SUCCESS [ 10.533 s]
#18 35.60 [INFO] ai-service ......................................... SUCCESS [ 14.520 s]
#18 35.60 [INFO] ------------------------------------------------------------------------
#18 35.60 [INFO] BUILD SUCCESS
#18 35.60 [INFO] ------------------------------------------------------------------------
#18 35.60 [INFO] Total time:  26.859 s
#18 35.60 [INFO] Finished at: 2026-10-03T05:00:16Z
#18 35.60 [INFO] ------------------------------------------------------------------------
#18 DONE 36.0s

#20 [api-gateway builder 4/4] RUN --mount=type=cache,id=eshop-maven,target=/root/.m2,sharing=locked     mvn -B -ntp -pl api-gateway -am -DskipTests package
#20 ...

#25 [ai-service stage-1 3/3] COPY --from=builder /build/ai-service/target/*.jar app.jar
#25 DONE 0.7s

#22 [order-service builder 4/4] RUN --mount=type=cache,id=eshop-maven,target=/root/.m2,sharing=locked     mvn -B -ntp -pl order-service -am -DskipTests package
#22 ...

#26 [ai-service] exporting to image
#26 exporting layers
#26 ...

#20 [api-gateway builder 4/4] RUN --mount=type=cache,id=eshop-maven,target=/root/.m2,sharing=locked     mvn -B -ntp -pl api-gateway -am -DskipTests package
#20 40.12 [INFO] Scanning for projects...
#20 41.06 [INFO] ------------------------------------------------------------------------
#20 41.06 [INFO] Reactor Build Order:
#20 41.06 [INFO] 
#20 41.06 [INFO] eshop-microservices                                                [pom]
#20 41.06 [INFO] api-gateway                                                        [jar]
#20 41.08 [INFO] 
#20 41.08 [INFO] ---------------< com.example.eshop:eshop-microservices >----------------
#20 41.08 [INFO] Building eshop-microservices 0.0.1-SNAPSHOT                        [1/2]
#20 41.08 [INFO]   from pom.xml
#20 41.08 [INFO] --------------------------------[ pom ]---------------------------------
#20 41.09 [INFO] 
#20 41.09 [INFO] -------------------< com.example.eshop:api-gateway >--------------------
#20 41.09 [INFO] Building api-gateway 0.0.1-SNAPSHOT                                [2/2]
#20 41.09 [INFO]   from api-gateway/pom.xml
#20 41.09 [INFO] --------------------------------[ jar ]---------------------------------
#20 43.04 [INFO] 
#20 43.04 [INFO] --- resources:3.3.1:resources (default-resources) @ api-gateway ---
#20 43.31 [INFO] Copying 1 resource from src/main/resources to target/classes
#20 43.35 [INFO] Copying 1 resource from src/main/resources to target/classes
#20 43.35 [INFO] 
#20 43.35 [INFO] --- compiler:3.14.0:compile (default-compile) @ api-gateway ---
#20 43.63 [INFO] Recompiling the module because of changed source code.
#20 43.64 [INFO] Compiling 25 source files with javac [debug parameters release 17] to target/classes
#20 47.86 [INFO] 
#20 47.86 [INFO] --- resources:3.3.1:testResources (default-testResources) @ api-gateway ---
#20 47.87 [INFO] skip non existing resourceDirectory /build/api-gateway/src/test/resources
#20 47.87 [INFO] 
#20 47.87 [INFO] --- compiler:3.14.0:testCompile (default-testCompile) @ api-gateway ---
#20 47.90 [INFO] Recompiling the module because of changed dependency.
#20 47.91 [INFO] Compiling 9 source files with javac [debug parameters release 17] to target/test-classes
#20 ...

#26 [ai-service] exporting to image
#26 exporting layers 9.3s done
#26 exporting manifest sha256:2d63614f77500e81a3035f6be4f53b447c730000608f54eeee67b53c34bb88b6 0.0s done
#26 exporting config sha256:43feb916da21e0f4970deeffaba22f47dc32722751b26fce6894415ecf6bef9e 0.0s done
#26 exporting attestation manifest sha256:640cdeefbc0bf15fdd52b1119380c89feee966981b1a2fb103129531f02d6833
#26 exporting attestation manifest sha256:640cdeefbc0bf15fdd52b1119380c89feee966981b1a2fb103129531f02d6833 0.1s done
#26 exporting manifest list sha256:01e9a26a81ba3728aed744bc93df5a867d14f572e93a96d9f1f84f93e9f75df4 0.0s done
#26 naming to docker.io/library/e-shop-ai-service:latest done
#26 unpacking to docker.io/library/e-shop-ai-service:latest
#26 unpacking to docker.io/library/e-shop-ai-service:latest 2.3s done
#26 DONE 11.9s

#20 [api-gateway builder 4/4] RUN --mount=type=cache,id=eshop-maven,target=/root/.m2,sharing=locked     mvn -B -ntp -pl api-gateway -am -DskipTests package
#20 ...

#27 [ai-service] resolving provenance for metadata file
#27 DONE 0.1s

#20 [api-gateway builder 4/4] RUN --mount=type=cache,id=eshop-maven,target=/root/.m2,sharing=locked     mvn -B -ntp -pl api-gateway -am -DskipTests package
#20 53.00 [INFO] /build/api-gateway/src/test/java/com/example/eshop/gateway/service/ratelimit/ReactiveRateLimiterServiceTest.java: /build/api-gateway/src/test/java/com/example/eshop/gateway/service/ratelimit/ReactiveRateLimiterServiceTest.java uses unchecked or unsafe operations.
#20 53.00 [INFO] /build/api-gateway/src/test/java/com/example/eshop/gateway/service/ratelimit/ReactiveRateLimiterServiceTest.java: Recompile with -Xlint:unchecked for details.
#20 53.00 [INFO] 
#20 53.01 [INFO] --- surefire:3.5.3:test (default-test) @ api-gateway ---
#20 53.23 [INFO] Tests are skipped.
#20 53.23 [INFO] 
#20 53.23 [INFO] --- jar:3.4.2:jar (default-jar) @ api-gateway ---
#20 54.03 [INFO] Building jar: /build/api-gateway/target/api-gateway-0.0.1-SNAPSHOT.jar
#20 54.26 [INFO] 
#20 54.26 [INFO] --- spring-boot:3.5.0:repackage (repackage) @ api-gateway ---
#20 56.25 [INFO] Replacing main artifact /build/api-gateway/target/api-gateway-0.0.1-SNAPSHOT.jar with repackaged archive, adding nested dependencies in BOOT-INF/.
#20 56.25 [INFO] The original artifact has been renamed to /build/api-gateway/target/api-gateway-0.0.1-SNAPSHOT.jar.original
#20 56.25 [INFO] ------------------------------------------------------------------------
#20 56.25 [INFO] Reactor Summary for eshop-microservices 0.0.1-SNAPSHOT:
#20 56.25 [INFO] 
#20 56.25 [INFO] eshop-microservices ................................ SUCCESS [  0.006 s]
#20 56.25 [INFO] api-gateway ........................................ SUCCESS [ 15.164 s]
#20 56.25 [INFO] ------------------------------------------------------------------------
#20 56.25 [INFO] BUILD SUCCESS
#20 56.25 [INFO] ------------------------------------------------------------------------
#20 56.25 [INFO] Total time:  16.201 s
#20 56.25 [INFO] Finished at: 2026-10-03T05:00:36Z
#20 56.25 [INFO] ------------------------------------------------------------------------
#20 DONE 56.9s

#22 [order-service builder 4/4] RUN --mount=type=cache,id=eshop-maven,target=/root/.m2,sharing=locked     mvn -B -ntp -pl order-service -am -DskipTests package
#22 ...

#28 [api-gateway stage-1 3/3] COPY --from=builder /build/api-gateway/target/*.jar app.jar
#28 DONE 0.5s

#17 [notification-service builder 4/4] RUN --mount=type=cache,id=eshop-maven,target=/root/.m2,sharing=locked     mvn -B -ntp -pl notification-service -am -DskipTests package
#17 ...

#29 [api-gateway] exporting to image
#29 exporting layers
#29 ...

#19 [catalog-service builder 4/4] RUN --mount=type=cache,id=eshop-maven,target=/root/.m2,sharing=locked     mvn -B -ntp -pl catalog-service -am -DskipTests package
#19 61.34 [INFO] Scanning for projects...
#19 62.18 [INFO] ------------------------------------------------------------------------
#19 62.18 [INFO] Reactor Build Order:
#19 62.18 [INFO] 
#19 62.18 [INFO] eshop-microservices                                                [pom]
#19 62.18 [INFO] common-lib                                                         [jar]
#19 62.18 [INFO] catalog-service                                                    [jar]
#19 62.21 [INFO] 
#19 62.21 [INFO] ---------------< com.example.eshop:eshop-microservices >----------------
#19 62.21 [INFO] Building eshop-microservices 0.0.1-SNAPSHOT                        [1/3]
#19 62.21 [INFO]   from pom.xml
#19 62.21 [INFO] --------------------------------[ pom ]---------------------------------
#19 62.21 [INFO] 
#19 62.21 [INFO] --------------------< com.example.eshop:common-lib >--------------------
#19 62.21 [INFO] Building common-lib 0.0.1-SNAPSHOT                                 [2/3]
#19 62.21 [INFO]   from common-lib/pom.xml
#19 62.21 [INFO] --------------------------------[ jar ]---------------------------------
#19 63.13 [INFO] 
#19 63.13 [INFO] --- resources:3.3.1:resources (default-resources) @ common-lib ---
#19 63.35 [INFO] skip non existing resourceDirectory /build/common-lib/src/main/resources
#19 63.35 [INFO] skip non existing resourceDirectory /build/common-lib/src/main/resources
#19 63.35 [INFO] 
#19 63.35 [INFO] --- compiler:3.14.0:compile (default-compile) @ common-lib ---
#19 63.63 [INFO] Recompiling the module because of changed source code.
#19 63.66 [INFO] Compiling 33 source files with javac [debug parameters release 17] to target/classes
#19 ...

#29 [api-gateway] exporting to image
#29 exporting layers 5.5s done
#29 exporting manifest sha256:cbda6d9de70d6f7ee7302796931263283908935adb9935eeb792a1abb144bbc8 0.0s done
#29 exporting config sha256:a55c922672911d4e9ea12aeec701e84042a6cd2a6d289a765cac212d6862f10d 0.0s done
#29 exporting attestation manifest sha256:dd68d67b2daa4ce5e006e357574f9679e49aded2f3b316211c4b3a88d4761e61 0.1s done
#29 exporting manifest list sha256:6a9af76503d5fae946c18df119990a35110fc36e62c8ca088fc972ea14ed3da7 0.0s done
#29 naming to docker.io/library/e-shop-api-gateway:latest done
#29 unpacking to docker.io/library/e-shop-api-gateway:latest 0.6s done
#29 DONE 6.5s

#22 [order-service builder 4/4] RUN --mount=type=cache,id=eshop-maven,target=/root/.m2,sharing=locked     mvn -B -ntp -pl order-service -am -DskipTests package
#22 ...

#30 [api-gateway] resolving provenance for metadata file
#30 DONE 0.0s

#22 [order-service builder 4/4] RUN --mount=type=cache,id=eshop-maven,target=/root/.m2,sharing=locked     mvn -B -ntp -pl order-service -am -DskipTests package
#22 ...

#19 [catalog-service builder 4/4] RUN --mount=type=cache,id=eshop-maven,target=/root/.m2,sharing=locked     mvn -B -ntp -pl catalog-service -am -DskipTests package
#19 68.43 [INFO] 
#19 68.43 [INFO] --- resources:3.3.1:testResources (default-testResources) @ common-lib ---
#19 68.44 [INFO] skip non existing resourceDirectory /build/common-lib/src/test/resources
#19 68.44 [INFO] 
#19 68.44 [INFO] --- compiler:3.14.0:testCompile (default-testCompile) @ common-lib ---
#19 68.47 [INFO] Recompiling the module because of changed dependency.
#19 68.48 [INFO] Compiling 2 source files with javac [debug parameters release 17] to target/test-classes
#19 70.26 [INFO] 
#19 70.26 [INFO] --- surefire:3.5.3:test (default-test) @ common-lib ---
#19 70.49 [INFO] Tests are skipped.
#19 70.49 [INFO] 
#19 70.49 [INFO] --- jar:3.4.2:jar (default-jar) @ common-lib ---
#19 70.93 [INFO] Building jar: /build/common-lib/target/common-lib-0.0.1-SNAPSHOT.jar
#19 71.04 [INFO] 
#19 71.04 [INFO] -----------------< com.example.eshop:catalog-service >------------------
#19 71.05 [INFO] Building catalog-service 0.0.1-SNAPSHOT                            [3/3]
#19 71.05 [INFO]   from catalog-service/pom.xml
#19 71.05 [INFO] --------------------------------[ jar ]---------------------------------
#19 71.79 [INFO] 
#19 71.79 [INFO] --- resources:3.3.1:resources (default-resources) @ catalog-service ---
#19 71.81 [INFO] Copying 1 resource from src/main/resources to target/classes
#19 71.89 [INFO] Copying 3 resources from src/main/resources to target/classes
#19 71.89 [INFO] 
#19 71.89 [INFO] --- compiler:3.14.0:compile (default-compile) @ catalog-service ---
#19 71.94 [INFO] Recompiling the module because of changed dependency.
#19 71.95 [INFO] Compiling 118 source files with javac [debug parameters release 17] to target/classes
#19 78.93 [WARNING] /build/catalog-service/src/main/java/com/example/eshop/catalog/util/SkuGeneratorUtil.java:[412,25] @Builder will ignore the initializing expression entirely. If you want the initializing expression to serve as default, add @Builder.Default. If it is not supposed to be settable during building, make the field final.
#19 78.93 [WARNING] /build/catalog-service/src/main/java/com/example/eshop/catalog/util/SkuGeneratorUtil.java:[413,25] @Builder will ignore the initializing expression entirely. If you want the initializing expression to serve as default, add @Builder.Default. If it is not supposed to be settable during building, make the field final.
#19 78.93 [WARNING] /build/catalog-service/src/main/java/com/example/eshop/catalog/dto/request/InventoryRequest.java:[19,21] @Builder will ignore the initializing expression entirely. If you want the initializing expression to serve as default, add @Builder.Default. If it is not supposed to be settable during building, make the field final.
#19 78.93 [WARNING] /build/catalog-service/src/main/java/com/example/eshop/catalog/model/Product.java:[27,25] @Builder will ignore the initializing expression entirely. If you want the initializing expression to serve as default, add @Builder.Default. If it is not supposed to be settable during building, make the field final.
#19 78.93 [WARNING] /build/catalog-service/src/main/java/com/example/eshop/catalog/model/Product.java:[29,21] @Builder will ignore the initializing expression entirely. If you want the initializing expression to serve as default, add @Builder.Default. If it is not supposed to be settable during building, make the field final.
#19 78.93 [WARNING] /build/catalog-service/src/main/java/com/example/eshop/catalog/model/Product.java:[30,21] @Builder will ignore the initializing expression entirely. If you want the initializing expression to serve as default, add @Builder.Default. If it is not supposed to be settable during building, make the field final.
#19 78.94 [WARNING] /build/catalog-service/src/main/java/com/example/eshop/catalog/model/Product.java:[35,30] @Builder will ignore the initializing expression entirely. If you want the initializing expression to serve as default, add @Builder.Default. If it is not supposed to be settable during building, make the field final.
#19 78.94 [WARNING] /build/catalog-service/src/main/java/com/example/eshop/catalog/dto/request/ProductAttributeRequest.java:[29,48] @Builder will ignore the initializing expression entirely. If you want the initializing expression to serve as default, add @Builder.Default. If it is not supposed to be settable during building, make the field final.
#19 78.94 [WARNING] /build/catalog-service/src/main/java/com/example/eshop/catalog/model/Category.java:[30,21] @Builder will ignore the initializing expression entirely. If you want the initializing expression to serve as default, add @Builder.Default. If it is not supposed to be settable during building, make the field final.
#19 78.94 [WARNING] /build/catalog-service/src/main/java/com/example/eshop/catalog/model/Category.java:[31,21] @Builder will ignore the initializing expression entirely. If you want the initializing expression to serve as default, add @Builder.Default. If it is not supposed to be settable during building, make the field final.
#19 78.94 [WARNING] /build/catalog-service/src/main/java/com/example/eshop/catalog/model/Category.java:[34,31] @Builder will ignore the initializing expression entirely. If you want the initializing expression to serve as default, add @Builder.Default. If it is not supposed to be settable during building, make the field final.
#19 78.94 [WARNING] /build/catalog-service/src/main/java/com/example/eshop/catalog/dto/response/ProductSkuResponse.java:[27,25] @Builder will ignore the initializing expression entirely. If you want the initializing expression to serve as default, add @Builder.Default. If it is not supposed to be settable during building, make the field final.
#19 78.94 [WARNING] /build/catalog-service/src/main/java/com/example/eshop/catalog/dto/request/ProductRequest.java:[22,21] @Builder will ignore the initializing expression entirely. If you want the initializing expression to serve as default, add @Builder.Default. If it is not supposed to be settable during building, make the field final.
#19 78.94 [WARNING] /build/catalog-service/src/main/java/com/example/eshop/catalog/dto/request/ProductSkuRequest.java:[41,21] @Builder will ignore the initializing expression entirely. If you want the initializing expression to serve as default, add @Builder.Default. If it is not supposed to be settable during building, make the field final.
#19 78.94 [WARNING] /build/catalog-service/src/main/java/com/example/eshop/catalog/dto/request/ProductSkuRequest.java:[44,21] @Builder will ignore the initializing expression entirely. If you want the initializing expression to serve as default, add @Builder.Default. If it is not supposed to be settable during building, make the field final.
#19 78.94 [WARNING] /build/catalog-service/src/main/java/com/example/eshop/catalog/dto/request/ProductSkuRequest.java:[45,21] @Builder will ignore the initializing expression entirely. If you want the initializing expression to serve as default, add @Builder.Default. If it is not supposed to be settable during building, make the field final.
#19 78.94 [WARNING] /build/catalog-service/src/main/java/com/example/eshop/catalog/dto/request/ProductSkuRequest.java:[57,43] @Builder will ignore the initializing expression entirely. If you want the initializing expression to serve as default, add @Builder.Default. If it is not supposed to be settable during building, make the field final.
#19 78.94 [WARNING] /build/catalog-service/src/main/java/com/example/eshop/catalog/model/ProductSku.java:[39,21] @Builder will ignore the initializing expression entirely. If you want the initializing expression to serve as default, add @Builder.Default. If it is not supposed to be settable during building, make the field final.
#19 78.94 [WARNING] /build/catalog-service/src/main/java/com/example/eshop/catalog/model/ProductSku.java:[41,21] @Builder will ignore the initializing expression entirely. If you want the initializing expression to serve as default, add @Builder.Default. If it is not supposed to be settable during building, make the field final.
#19 78.94 [WARNING] /build/catalog-service/src/main/java/com/example/eshop/catalog/model/SubCategory.java:[34,27] @Builder will ignore the initializing expression entirely. If you want the initializing expression to serve as default, add @Builder.Default. If it is not supposed to be settable during building, make the field final.
#19 78.94 [WARNING] /build/catalog-service/src/main/java/com/example/eshop/catalog/model/SubCategory.java:[38,21] @Builder will ignore the initializing expression entirely. If you want the initializing expression to serve as default, add @Builder.Default. If it is not supposed to be settable during building, make the field final.
#19 78.94 [WARNING] /build/catalog-service/src/main/java/com/example/eshop/catalog/model/Image.java:[11,1] Generating equals/hashCode implementation but without a call to superclass, even though this class does not extend java.lang.Object. If this is intentional, add '@EqualsAndHashCode(callSuper=false)' to your type.
#19 78.94 [INFO] 
#19 78.95 [INFO] --- resources:3.3.1:testResources (default-testResources) @ catalog-service ---
#19 78.95 [INFO] skip non existing resourceDirectory /build/catalog-service/src/test/resources
#19 78.95 [INFO] 
#19 78.95 [INFO] --- compiler:3.14.0:testCompile (default-testCompile) @ catalog-service ---
#19 78.97 [INFO] Recompiling the module because of changed dependency.
#19 78.97 [INFO] Compiling 6 source files with javac [debug parameters release 17] to target/test-classes
#19 81.01 [INFO] 
#19 81.01 [INFO] --- surefire:3.5.3:test (default-test) @ catalog-service ---
#19 81.02 [INFO] Tests are skipped.
#19 81.02 [INFO] 
#19 81.02 [INFO] --- jar:3.4.2:jar (default-jar) @ catalog-service ---
#19 81.09 [INFO] Building jar: /build/catalog-service/target/catalog-service-0.0.1-SNAPSHOT.jar
#19 81.17 [INFO] 
#19 81.17 [INFO] --- spring-boot:3.5.0:repackage (repackage) @ catalog-service ---
#19 85.25 [INFO] Replacing main artifact /build/catalog-service/target/catalog-service-0.0.1-SNAPSHOT.jar with repackaged archive, adding nested dependencies in BOOT-INF/.
#19 85.25 [INFO] The original artifact has been renamed to /build/catalog-service/target/catalog-service-0.0.1-SNAPSHOT.jar.original
#19 85.25 [INFO] ------------------------------------------------------------------------
#19 85.25 [INFO] Reactor Summary for eshop-microservices 0.0.1-SNAPSHOT:
#19 85.25 [INFO] 
#19 85.25 [INFO] eshop-microservices ................................ SUCCESS [  0.006 s]
#19 85.25 [INFO] common-lib ......................................... SUCCESS [  8.834 s]
#19 85.25 [INFO] catalog-service .................................... SUCCESS [ 14.205 s]
#19 85.25 [INFO] ------------------------------------------------------------------------
#19 85.25 [INFO] BUILD SUCCESS
#19 85.25 [INFO] ------------------------------------------------------------------------
#19 85.26 [INFO] Total time:  23.979 s
#19 85.26 [INFO] Finished at: 2026-10-03T05:01:05Z
#19 85.26 [INFO] ------------------------------------------------------------------------
#19 DONE 85.5s

#22 [order-service builder 4/4] RUN --mount=type=cache,id=eshop-maven,target=/root/.m2,sharing=locked     mvn -B -ntp -pl order-service -am -DskipTests package
#22 ...

#31 [catalog-service stage-1 3/3] COPY --from=builder /build/catalog-service/target/*.jar app.jar
#31 DONE 0.5s

#17 [notification-service builder 4/4] RUN --mount=type=cache,id=eshop-maven,target=/root/.m2,sharing=locked     mvn -B -ntp -pl notification-service -am -DskipTests package
#17 ...

#32 [catalog-service] exporting to image
#32 exporting layers
#32 ...

#21 [auth-service builder 4/4] RUN --mount=type=cache,id=eshop-maven,target=/root/.m2,sharing=locked     mvn -B -ntp -pl auth-service -am -DskipTests package
#21 89.19 [INFO] Scanning for projects...
#21 90.14 [INFO] ------------------------------------------------------------------------
#21 90.14 [INFO] Reactor Build Order:
#21 90.14 [INFO] 
#21 90.14 [INFO] eshop-microservices                                                [pom]
#21 90.14 [INFO] common-lib                                                         [jar]
#21 90.15 [INFO] auth-service                                                       [jar]
#21 90.18 [INFO] 
#21 90.18 [INFO] ---------------< com.example.eshop:eshop-microservices >----------------
#21 90.18 [INFO] Building eshop-microservices 0.0.1-SNAPSHOT                        [1/3]
#21 90.18 [INFO]   from pom.xml
#21 90.18 [INFO] --------------------------------[ pom ]---------------------------------
#21 90.18 [INFO] 
#21 90.18 [INFO] --------------------< com.example.eshop:common-lib >--------------------
#21 90.18 [INFO] Building common-lib 0.0.1-SNAPSHOT                                 [2/3]
#21 90.18 [INFO]   from common-lib/pom.xml
#21 90.18 [INFO] --------------------------------[ jar ]---------------------------------
#21 91.17 [INFO] 
#21 91.17 [INFO] --- resources:3.3.1:resources (default-resources) @ common-lib ---
#21 91.41 [INFO] skip non existing resourceDirectory /build/common-lib/src/main/resources
#21 91.41 [INFO] skip non existing resourceDirectory /build/common-lib/src/main/resources
#21 91.41 [INFO] 
#21 91.41 [INFO] --- compiler:3.14.0:compile (default-compile) @ common-lib ---
#21 91.72 [INFO] Recompiling the module because of changed source code.
#21 91.74 [INFO] Compiling 33 source files with javac [debug parameters release 17] to target/classes
#21 ...

#32 [catalog-service] exporting to image
#32 exporting layers 6.7s done
#32 exporting manifest sha256:6b6eb2aaed6085f659d4816c729333605df1894c160193b004f94d37f331328e 0.0s done
#32 exporting config sha256:7c69e20e0875b37a3d2f62145337c92e81bce1bc9f475346ec2d60e4b02543c4 0.0s done
#32 exporting attestation manifest sha256:ece086bb7c7270d139b7bee6c7c370a5d94373ffb6aed1894d97336c88c9eaed 0.1s done
#32 exporting manifest list sha256:8c395958a11352fe471cffaedb48a6abf5deeb0c9be3ebd7a63c788ff85584df 0.0s done
#32 naming to docker.io/library/e-shop-catalog-service:latest done
#32 unpacking to docker.io/library/e-shop-catalog-service:latest 1.2s done
#32 DONE 8.3s

#21 [auth-service builder 4/4] RUN --mount=type=cache,id=eshop-maven,target=/root/.m2,sharing=locked     mvn -B -ntp -pl auth-service -am -DskipTests package
#21 ...

#33 [catalog-service] resolving provenance for metadata file
#33 DONE 0.1s

#21 [auth-service builder 4/4] RUN --mount=type=cache,id=eshop-maven,target=/root/.m2,sharing=locked     mvn -B -ntp -pl auth-service -am -DskipTests package
#21 96.02 [INFO] 
#21 96.02 [INFO] --- resources:3.3.1:testResources (default-testResources) @ common-lib ---
#21 96.05 [INFO] skip non existing resourceDirectory /build/common-lib/src/test/resources
#21 96.05 [INFO] 
#21 96.05 [INFO] --- compiler:3.14.0:testCompile (default-testCompile) @ common-lib ---
#21 96.09 [INFO] Recompiling the module because of changed dependency.
#21 96.09 [INFO] Compiling 2 source files with javac [debug parameters release 17] to target/test-classes
#21 98.51 [INFO] 
#21 98.51 [INFO] --- surefire:3.5.3:test (default-test) @ common-lib ---
#21 98.72 [INFO] Tests are skipped.
#21 98.72 [INFO] 
#21 98.72 [INFO] --- jar:3.4.2:jar (default-jar) @ common-lib ---
#21 99.30 [INFO] Building jar: /build/common-lib/target/common-lib-0.0.1-SNAPSHOT.jar
#21 99.43 [INFO] 
#21 99.43 [INFO] -------------------< com.example.eshop:auth-service >-------------------
#21 99.43 [INFO] Building auth-service 0.0.1-SNAPSHOT                               [3/3]
#21 99.44 [INFO]   from auth-service/pom.xml
#21 99.44 [INFO] --------------------------------[ jar ]---------------------------------
#21 100.1 [INFO] 
#21 100.1 [INFO] --- resources:3.3.1:resources (default-resources) @ auth-service ---
#21 100.1 [INFO] Copying 1 resource from src/main/resources to target/classes
#21 100.2 [INFO] Copying 2 resources from src/main/resources to target/classes
#21 100.2 [INFO] 
#21 100.2 [INFO] --- compiler:3.14.0:compile (default-compile) @ auth-service ---
#21 100.2 [INFO] Recompiling the module because of changed dependency.
#21 100.2 [INFO] Compiling 135 source files with javac [debug parameters release 17] to target/classes
#21 106.6 [WARNING] /build/auth-service/src/main/java/com/example/eshop/auth/dto/request/GroupRequest.java:[27,21] @Builder will ignore the initializing expression entirely. If you want the initializing expression to serve as default, add @Builder.Default. If it is not supposed to be settable during building, make the field final.
#21 106.6 [WARNING] /build/auth-service/src/main/java/com/example/eshop/auth/dto/request/AddressRequest.java:[29,21] @Builder will ignore the initializing expression entirely. If you want the initializing expression to serve as default, add @Builder.Default. If it is not supposed to be settable during building, make the field final.
#21 106.6 [WARNING] /build/auth-service/src/main/java/com/example/eshop/auth/model/User.java:[42,21] @Builder will ignore the initializing expression entirely. If you want the initializing expression to serve as default, add @Builder.Default. If it is not supposed to be settable during building, make the field final.
#21 106.6 [WARNING] /build/auth-service/src/main/java/com/example/eshop/auth/model/User.java:[50,21] @Builder will ignore the initializing expression entirely. If you want the initializing expression to serve as default, add @Builder.Default. If it is not supposed to be settable during building, make the field final.
#21 106.7 [WARNING] /build/auth-service/src/main/java/com/example/eshop/auth/model/UserGroup.java:[26,21] @Builder will ignore the initializing expression entirely. If you want the initializing expression to serve as default, add @Builder.Default. If it is not supposed to be settable during building, make the field final.
#21 106.7 [WARNING] /build/auth-service/src/main/java/com/example/eshop/auth/model/UserGroup.java:[27,21] @Builder will ignore the initializing expression entirely. If you want the initializing expression to serve as default, add @Builder.Default. If it is not supposed to be settable during building, make the field final.
#21 106.7 [WARNING] /build/auth-service/src/main/java/com/example/eshop/auth/model/Address.java:[34,21] @Builder will ignore the initializing expression entirely. If you want the initializing expression to serve as default, add @Builder.Default. If it is not supposed to be settable during building, make the field final.
#21 106.7 [WARNING] /build/auth-service/src/main/java/com/example/eshop/auth/model/Address.java:[39,21] @Builder will ignore the initializing expression entirely. If you want the initializing expression to serve as default, add @Builder.Default. If it is not supposed to be settable during building, make the field final.
#21 106.7 [WARNING] /build/auth-service/src/main/java/com/example/eshop/auth/model/Group.java:[29,21] @Builder will ignore the initializing expression entirely. If you want the initializing expression to serve as default, add @Builder.Default. If it is not supposed to be settable during building, make the field final.
#21 106.7 [WARNING] /build/auth-service/src/main/java/com/example/eshop/auth/model/Group.java:[32,21] @Builder will ignore the initializing expression entirely. If you want the initializing expression to serve as default, add @Builder.Default. If it is not supposed to be settable during building, make the field final.
#21 106.7 [WARNING] /build/auth-service/src/main/java/com/example/eshop/auth/model/User.java:[18,1] Generating equals/hashCode implementation but without a call to superclass, even though this class does not extend java.lang.Object. If this is intentional, add '@EqualsAndHashCode(callSuper=false)' to your type.
#21 106.7 [INFO] /build/auth-service/src/main/java/com/example/eshop/auth/jwt/impl/JwtServiceImpl.java: /build/auth-service/src/main/java/com/example/eshop/auth/jwt/impl/JwtServiceImpl.java uses or overrides a deprecated API.
#21 106.7 [INFO] /build/auth-service/src/main/java/com/example/eshop/auth/jwt/impl/JwtServiceImpl.java: Recompile with -Xlint:deprecation for details.
#21 106.7 [INFO] /build/auth-service/src/main/java/com/example/eshop/auth/security/filter/JwtAuthenticationInternalFilter.java: /build/auth-service/src/main/java/com/example/eshop/auth/security/filter/JwtAuthenticationInternalFilter.java uses unchecked or unsafe operations.
#21 106.7 [INFO] /build/auth-service/src/main/java/com/example/eshop/auth/security/filter/JwtAuthenticationInternalFilter.java: Recompile with -Xlint:unchecked for details.
#21 106.7 [INFO] 
#21 106.7 [INFO] --- resources:3.3.1:testResources (default-testResources) @ auth-service ---
#21 106.7 [INFO] skip non existing resourceDirectory /build/auth-service/src/test/resources
#21 106.7 [INFO] 
#21 106.7 [INFO] --- compiler:3.14.0:testCompile (default-testCompile) @ auth-service ---
#21 106.7 [INFO] Recompiling the module because of changed dependency.
#21 106.7 [INFO] Compiling 2 source files with javac [debug parameters release 17] to target/test-classes
#21 107.6 [INFO] 
#21 107.6 [INFO] --- surefire:3.5.3:test (default-test) @ auth-service ---
#21 107.6 [INFO] Tests are skipped.
#21 107.6 [INFO] 
#21 107.6 [INFO] --- jar:3.4.2:jar (default-jar) @ auth-service ---
#21 107.7 [INFO] Building jar: /build/auth-service/target/auth-service-0.0.1-SNAPSHOT.jar
#21 107.8 [INFO] 
#21 107.8 [INFO] --- spring-boot:3.5.0:repackage (repackage) @ auth-service ---
#21 109.7 [INFO] Replacing main artifact /build/auth-service/target/auth-service-0.0.1-SNAPSHOT.jar with repackaged archive, adding nested dependencies in BOOT-INF/.
#21 109.7 [INFO] The original artifact has been renamed to /build/auth-service/target/auth-service-0.0.1-SNAPSHOT.jar.original
#21 109.7 [INFO] ------------------------------------------------------------------------
#21 109.7 [INFO] Reactor Summary for eshop-microservices 0.0.1-SNAPSHOT:
#21 109.7 [INFO] 
#21 109.7 [INFO] eshop-microservices ................................ SUCCESS [  0.009 s]
#21 109.7 [INFO] common-lib ......................................... SUCCESS [  9.252 s]
#21 109.7 [INFO] auth-service ....................................... SUCCESS [ 10.293 s]
#21 109.7 [INFO] ------------------------------------------------------------------------
#21 109.7 [INFO] BUILD SUCCESS
#21 109.7 [INFO] ------------------------------------------------------------------------
#21 109.7 [INFO] Total time:  20.618 s
#21 109.7 [INFO] Finished at: 2026-10-03T05:01:30Z
#21 109.7 [INFO] ------------------------------------------------------------------------
#21 DONE 110.4s

#22 [order-service builder 4/4] RUN --mount=type=cache,id=eshop-maven,target=/root/.m2,sharing=locked     mvn -B -ntp -pl order-service -am -DskipTests package
#22 ...

#34 [auth-service stage-1 3/3] COPY --from=builder /build/auth-service/target/*.jar app.jar
#34 DONE 0.6s

#17 [notification-service builder 4/4] RUN --mount=type=cache,id=eshop-maven,target=/root/.m2,sharing=locked     mvn -B -ntp -pl notification-service -am -DskipTests package
#17 ...

#35 [auth-service] exporting to image
#35 exporting layers
#35 ...

#23 [discovery-server builder 4/4] RUN --mount=type=cache,id=eshop-maven,target=/root/.m2,sharing=locked     mvn -B -ntp -pl discovery-server -am -DskipTests package
#23 114.4 [INFO] Scanning for projects...
#23 115.2 [INFO] ------------------------------------------------------------------------
#23 115.2 [INFO] Reactor Build Order:
#23 115.2 [INFO] 
#23 115.2 [INFO] eshop-microservices                                                [pom]
#23 115.2 [INFO] discovery-server                                                   [jar]
#23 115.3 [INFO] 
#23 115.3 [INFO] ---------------< com.example.eshop:eshop-microservices >----------------
#23 115.3 [INFO] Building eshop-microservices 0.0.1-SNAPSHOT                        [1/2]
#23 115.3 [INFO]   from pom.xml
#23 115.3 [INFO] --------------------------------[ pom ]---------------------------------
#23 115.3 [INFO] 
#23 115.3 [INFO] -----------------< com.example.eshop:discovery-server >-----------------
#23 115.3 [INFO] Building discovery-server 0.0.1-SNAPSHOT                           [2/2]
#23 115.3 [INFO]   from discovery-server/pom.xml
#23 115.3 [INFO] --------------------------------[ jar ]---------------------------------
#23 116.6 [INFO] 
#23 116.6 [INFO] --- resources:3.3.1:resources (default-resources) @ discovery-server ---
#23 116.9 [INFO] Copying 1 resource from src/main/resources to target/classes
#23 116.9 [INFO] Copying 0 resource from src/main/resources to target/classes
#23 116.9 [INFO] 
#23 116.9 [INFO] --- compiler:3.14.0:compile (default-compile) @ discovery-server ---
#23 117.2 [INFO] Recompiling the module because of changed source code.
#23 117.2 [INFO] Compiling 1 source file with javac [debug parameters release 17] to target/classes
#23 118.8 [INFO] 
#23 118.8 [INFO] --- resources:3.3.1:testResources (default-testResources) @ discovery-server ---
#23 118.8 [INFO] skip non existing resourceDirectory /build/discovery-server/src/test/resources
#23 118.8 [INFO] 
#23 118.8 [INFO] --- compiler:3.14.0:testCompile (default-testCompile) @ discovery-server ---
#23 118.9 [INFO] No sources to compile
#23 118.9 [INFO] 
#23 118.9 [INFO] --- surefire:3.5.3:test (default-test) @ discovery-server ---
#23 119.1 [INFO] Tests are skipped.
#23 119.1 [INFO] 
#23 119.1 [INFO] --- jar:3.4.2:jar (default-jar) @ discovery-server ---
#23 119.8 [INFO] Building jar: /build/discovery-server/target/discovery-server-0.0.1-SNAPSHOT.jar
#23 119.9 [INFO] 
#23 119.9 [INFO] --- spring-boot:3.5.0:repackage (repackage) @ discovery-server ---
#23 ...

#35 [auth-service] exporting to image
#35 exporting layers 7.0s done
#35 exporting manifest sha256:2864ff66888e1d6aa3adcc0949991b51354b48a4f92689f129725ee11f85fe22 0.0s done
#35 exporting config sha256:2866e444bf5867f22dda49ff18332543a2a6afab3ba83b1afd3cc81d99c5da20 0.0s done
#35 exporting attestation manifest sha256:49c24f5d0bb3d31d9cb27a72ad3bc495e881af3f8f2d22fb6e115e1b642a6b91 0.1s done
#35 exporting manifest list sha256:e465b704c4928eb6200af386b35a7333c0c63bb71e99b6fdb0d6ed6c53f350b4 0.0s done
#35 naming to docker.io/library/e-shop-auth-service:latest done
#35 unpacking to docker.io/library/e-shop-auth-service:latest 1.3s done
#35 DONE 8.6s

#22 [order-service builder 4/4] RUN --mount=type=cache,id=eshop-maven,target=/root/.m2,sharing=locked     mvn -B -ntp -pl order-service -am -DskipTests package
#22 ...

#36 [auth-service] resolving provenance for metadata file
#36 DONE 0.0s

#22 [order-service builder 4/4] RUN --mount=type=cache,id=eshop-maven,target=/root/.m2,sharing=locked     mvn -B -ntp -pl order-service -am -DskipTests package
#22 ...

#23 [discovery-server builder 4/4] RUN --mount=type=cache,id=eshop-maven,target=/root/.m2,sharing=locked     mvn -B -ntp -pl discovery-server -am -DskipTests package
#23 121.4 [INFO] Replacing main artifact /build/discovery-server/target/discovery-server-0.0.1-SNAPSHOT.jar with repackaged archive, adding nested dependencies in BOOT-INF/.
#23 121.4 [INFO] The original artifact has been renamed to /build/discovery-server/target/discovery-server-0.0.1-SNAPSHOT.jar.original
#23 121.4 [INFO] ------------------------------------------------------------------------
#23 121.4 [INFO] Reactor Summary for eshop-microservices 0.0.1-SNAPSHOT:
#23 121.4 [INFO] 
#23 121.4 [INFO] eshop-microservices ................................ SUCCESS [  0.007 s]
#23 121.4 [INFO] discovery-server ................................... SUCCESS [  6.161 s]
#23 121.4 [INFO] ------------------------------------------------------------------------
#23 121.4 [INFO] BUILD SUCCESS
#23 121.4 [INFO] ------------------------------------------------------------------------
#23 121.4 [INFO] Total time:  7.125 s
#23 121.4 [INFO] Finished at: 2026-10-03T05:01:41Z
#23 121.4 [INFO] ------------------------------------------------------------------------
#23 DONE 122.0s

#22 [order-service builder 4/4] RUN --mount=type=cache,id=eshop-maven,target=/root/.m2,sharing=locked     mvn -B -ntp -pl order-service -am -DskipTests package
#22 ...

#37 [discovery-server stage-1 3/3] COPY --from=builder /build/discovery-server/target/*.jar app.jar
#37 DONE 0.4s

#17 [notification-service builder 4/4] RUN --mount=type=cache,id=eshop-maven,target=/root/.m2,sharing=locked     mvn -B -ntp -pl notification-service -am -DskipTests package
#17 ...

#38 [discovery-server] exporting to image
#38 exporting layers 4.4s done
#38 exporting manifest sha256:d06da54f2f2ab8e918b40aa45ed0291f8f2963da110886c29f2fac080da89058 0.0s done
#38 exporting config sha256:cab7e5206456b3828f6979e5e6d81b6fef33eac5f2ec40e381dddc923213b5ea 0.0s done
#38 exporting attestation manifest sha256:387345909a9ef07ff553099e5ccec24bca89cdb2d91fed3b9f5bf71f4aac3585
#38 exporting attestation manifest sha256:387345909a9ef07ff553099e5ccec24bca89cdb2d91fed3b9f5bf71f4aac3585 0.1s done
#38 exporting manifest list sha256:ab725cbcf1d0217db1f28d454568c3f82a2db49c1a64ed9a5349cc86e3c25424 0.0s done
#38 naming to docker.io/library/e-shop-discovery-server:latest
#38 naming to docker.io/library/e-shop-discovery-server:latest done
#38 unpacking to docker.io/library/e-shop-discovery-server:latest
#38 unpacking to docker.io/library/e-shop-discovery-server:latest 0.7s done
#38 DONE 5.4s

#17 [notification-service builder 4/4] RUN --mount=type=cache,id=eshop-maven,target=/root/.m2,sharing=locked     mvn -B -ntp -pl notification-service -am -DskipTests package
#17 125.7 [INFO] Scanning for projects...
#17 126.6 [INFO] ------------------------------------------------------------------------
#17 126.6 [INFO] Reactor Build Order:
#17 126.6 [INFO] 
#17 126.6 [INFO] eshop-microservices                                                [pom]
#17 126.6 [INFO] common-lib                                                         [jar]
#17 126.6 [INFO] notification-service                                               [jar]
#17 126.6 [INFO] 
#17 126.6 [INFO] ---------------< com.example.eshop:eshop-microservices >----------------
#17 126.6 [INFO] Building eshop-microservices 0.0.1-SNAPSHOT                        [1/3]
#17 126.6 [INFO]   from pom.xml
#17 126.6 [INFO] --------------------------------[ pom ]---------------------------------
#17 126.6 [INFO] 
#17 126.6 [INFO] --------------------< com.example.eshop:common-lib >--------------------
#17 126.6 [INFO] Building common-lib 0.0.1-SNAPSHOT                                 [2/3]
#17 126.6 [INFO]   from common-lib/pom.xml
#17 126.6 [INFO] --------------------------------[ jar ]---------------------------------
#17 127.5 [INFO] 
#17 127.5 [INFO] --- resources:3.3.1:resources (default-resources) @ common-lib ---
#17 127.7 [INFO] skip non existing resourceDirectory /build/common-lib/src/main/resources
#17 127.7 [INFO] skip non existing resourceDirectory /build/common-lib/src/main/resources
#17 127.7 [INFO] 
#17 127.7 [INFO] --- compiler:3.14.0:compile (default-compile) @ common-lib ---
#17 128.0 [INFO] Recompiling the module because of changed source code.
#17 128.0 [INFO] Compiling 33 source files with javac [debug parameters release 17] to target/classes
#17 ...

#39 [discovery-server] resolving provenance for metadata file
#39 DONE 0.0s

#22 [order-service builder 4/4] RUN --mount=type=cache,id=eshop-maven,target=/root/.m2,sharing=locked     mvn -B -ntp -pl order-service -am -DskipTests package
#22 ...

#17 [notification-service builder 4/4] RUN --mount=type=cache,id=eshop-maven,target=/root/.m2,sharing=locked     mvn -B -ntp -pl notification-service -am -DskipTests package
#17 133.3 [INFO] 
#17 133.3 [INFO] --- resources:3.3.1:testResources (default-testResources) @ common-lib ---
#17 133.3 [INFO] skip non existing resourceDirectory /build/common-lib/src/test/resources
#17 133.3 [INFO] 
#17 133.3 [INFO] --- compiler:3.14.0:testCompile (default-testCompile) @ common-lib ---
#17 133.4 [INFO] Recompiling the module because of changed dependency.
#17 133.4 [INFO] Compiling 2 source files with javac [debug parameters release 17] to target/test-classes
#17 135.5 [INFO] 
#17 135.5 [INFO] --- surefire:3.5.3:test (default-test) @ common-lib ---
#17 135.7 [INFO] Tests are skipped.
#17 135.7 [INFO] 
#17 135.7 [INFO] --- jar:3.4.2:jar (default-jar) @ common-lib ---
#17 136.6 [INFO] Building jar: /build/common-lib/target/common-lib-0.0.1-SNAPSHOT.jar
#17 136.7 [INFO] 
#17 136.7 [INFO] ---------------< com.example.eshop:notification-service >---------------
#17 136.7 [INFO] Building notification-service 0.0.1-SNAPSHOT                       [3/3]
#17 136.7 [INFO]   from notification-service/pom.xml
#17 136.7 [INFO] --------------------------------[ jar ]---------------------------------
#17 137.5 [INFO] 
#17 137.5 [INFO] --- resources:3.3.1:resources (default-resources) @ notification-service ---
#17 137.5 [INFO] Copying 1 resource from src/main/resources to target/classes
#17 137.5 [INFO] Copying 1 resource from src/main/resources to target/classes
#17 137.5 [INFO] 
#17 137.5 [INFO] --- compiler:3.14.0:compile (default-compile) @ notification-service ---
#17 137.6 [INFO] Recompiling the module because of changed dependency.
#17 137.6 [INFO] Compiling 13 source files with javac [debug parameters release 17] to target/classes
#17 140.8 [INFO] 
#17 140.8 [INFO] --- resources:3.3.1:testResources (default-testResources) @ notification-service ---
#17 140.8 [INFO] skip non existing resourceDirectory /build/notification-service/src/test/resources
#17 140.8 [INFO] 
#17 140.8 [INFO] --- compiler:3.14.0:testCompile (default-testCompile) @ notification-service ---
#17 140.8 [INFO] No sources to compile
#17 140.8 [INFO] 
#17 140.8 [INFO] --- surefire:3.5.3:test (default-test) @ notification-service ---
#17 140.8 [INFO] Tests are skipped.
#17 140.8 [INFO] 
#17 140.8 [INFO] --- jar:3.4.2:jar (default-jar) @ notification-service ---
#17 140.8 [INFO] Building jar: /build/notification-service/target/notification-service-0.0.1-SNAPSHOT.jar
#17 140.9 [INFO] 
#17 140.9 [INFO] --- spring-boot:3.5.0:repackage (repackage) @ notification-service ---
#17 144.9 [INFO] Replacing main artifact /build/notification-service/target/notification-service-0.0.1-SNAPSHOT.jar with repackaged archive, adding nested dependencies in BOOT-INF/.
#17 144.9 [INFO] The original artifact has been renamed to /build/notification-service/target/notification-service-0.0.1-SNAPSHOT.jar.original
#17 144.9 [INFO] ------------------------------------------------------------------------
#17 144.9 [INFO] Reactor Summary for eshop-microservices 0.0.1-SNAPSHOT:
#17 144.9 [INFO] 
#17 144.9 [INFO] eshop-microservices ................................ SUCCESS [  0.005 s]
#17 144.9 [INFO] common-lib ......................................... SUCCESS [ 10.113 s]
#17 144.9 [INFO] notification-service ............................... SUCCESS [  8.203 s]
#17 144.9 [INFO] ------------------------------------------------------------------------
#17 144.9 [INFO] BUILD SUCCESS
#17 144.9 [INFO] ------------------------------------------------------------------------
#17 144.9 [INFO] Total time:  19.312 s
#17 144.9 [INFO] Finished at: 2026-10-03T05:02:05Z
#17 144.9 [INFO] ------------------------------------------------------------------------
#17 DONE 145.3s

#22 [order-service builder 4/4] RUN --mount=type=cache,id=eshop-maven,target=/root/.m2,sharing=locked     mvn -B -ntp -pl order-service -am -DskipTests package
#22 ...

#40 [notification-service stage-1 3/3] COPY --from=builder /build/notification-service/target/*.jar app.jar
#40 DONE 0.9s

#22 [order-service builder 4/4] RUN --mount=type=cache,id=eshop-maven,target=/root/.m2,sharing=locked     mvn -B -ntp -pl order-service -am -DskipTests package
#22 ...

#41 [notification-service] exporting to image
#41 exporting layers
#41 ...

#22 [order-service builder 4/4] RUN --mount=type=cache,id=eshop-maven,target=/root/.m2,sharing=locked     mvn -B -ntp -pl order-service -am -DskipTests package
#22 151.5 [INFO] Scanning for projects...
#22 152.8 [INFO] ------------------------------------------------------------------------
#22 152.8 [INFO] Reactor Build Order:
#22 152.8 [INFO] 
#22 152.8 [INFO] eshop-microservices                                                [pom]
#22 152.8 [INFO] common-lib                                                         [jar]
#22 152.8 [INFO] order-service                                                      [jar]
#22 152.8 [INFO] 
#22 152.8 [INFO] ---------------< com.example.eshop:eshop-microservices >----------------
#22 152.8 [INFO] Building eshop-microservices 0.0.1-SNAPSHOT                        [1/3]
#22 152.8 [INFO]   from pom.xml
#22 152.8 [INFO] --------------------------------[ pom ]---------------------------------
#22 152.8 [INFO] 
#22 152.8 [INFO] --------------------< com.example.eshop:common-lib >--------------------
#22 152.8 [INFO] Building common-lib 0.0.1-SNAPSHOT                                 [2/3]
#22 152.8 [INFO]   from common-lib/pom.xml
#22 152.8 [INFO] --------------------------------[ jar ]---------------------------------
#22 154.4 [INFO] 
#22 154.4 [INFO] --- resources:3.3.1:resources (default-resources) @ common-lib ---
#22 154.7 [INFO] skip non existing resourceDirectory /build/common-lib/src/main/resources
#22 154.7 [INFO] skip non existing resourceDirectory /build/common-lib/src/main/resources
#22 154.8 [INFO] 
#22 154.8 [INFO] --- compiler:3.14.0:compile (default-compile) @ common-lib ---
#22 155.1 [INFO] Recompiling the module because of changed source code.
#22 155.1 [INFO] Compiling 33 source files with javac [debug parameters release 17] to target/classes
#22 ...

#41 [notification-service] exporting to image
#41 exporting layers 11.1s done
#41 exporting manifest sha256:8590be6561f7541714d61929abb3d2d6028b950edbe536aa5d5609291dc9c213 0.0s done
#41 exporting config sha256:99f9af69a204971858257d30c117ec369537b5225d27df3ef65f657f74543419 0.0s done
#41 exporting attestation manifest sha256:b90c647dbbb7424528806dc3ed8d91e4c0a7a85ee37bed6d2a37671c4d5a2cc1
#41 exporting attestation manifest sha256:b90c647dbbb7424528806dc3ed8d91e4c0a7a85ee37bed6d2a37671c4d5a2cc1 0.1s done
#41 exporting manifest list sha256:83674beaaab9964ae45c9f36454db5dbabab3a91f54326161a2ffe518e9b0c5e
#41 exporting manifest list sha256:83674beaaab9964ae45c9f36454db5dbabab3a91f54326161a2ffe518e9b0c5e 0.1s done
#41 naming to docker.io/library/e-shop-notification-service:latest 0.0s done
#41 unpacking to docker.io/library/e-shop-notification-service:latest
#41 unpacking to docker.io/library/e-shop-notification-service:latest 3.0s done
#41 DONE 14.6s

#22 [order-service builder 4/4] RUN --mount=type=cache,id=eshop-maven,target=/root/.m2,sharing=locked     mvn -B -ntp -pl order-service -am -DskipTests package
#22 160.2 [INFO] 
#22 160.2 [INFO] --- resources:3.3.1:testResources (default-testResources) @ common-lib ---
#22 160.2 [INFO] skip non existing resourceDirectory /build/common-lib/src/test/resources
#22 160.2 [INFO] 
#22 160.2 [INFO] --- compiler:3.14.0:testCompile (default-testCompile) @ common-lib ---
#22 160.2 [INFO] Recompiling the module because of changed dependency.
#22 160.2 [INFO] Compiling 2 source files with javac [debug parameters release 17] to target/test-classes
#22 ...

#42 [notification-service] resolving provenance for metadata file
#42 DONE 0.1s

#22 [order-service builder 4/4] RUN --mount=type=cache,id=eshop-maven,target=/root/.m2,sharing=locked     mvn -B -ntp -pl order-service -am -DskipTests package
#22 163.6 [INFO] 
#22 163.6 [INFO] --- surefire:3.5.3:test (default-test) @ common-lib ---
#22 164.0 [INFO] Tests are skipped.
#22 164.0 [INFO] 
#22 164.0 [INFO] --- jar:3.4.2:jar (default-jar) @ common-lib ---
#22 165.0 [INFO] Building jar: /build/common-lib/target/common-lib-0.0.1-SNAPSHOT.jar
#22 165.2 [INFO] 
#22 165.2 [INFO] ------------------< com.example.eshop:order-service >-------------------
#22 165.2 [INFO] Building order-service 0.0.1-SNAPSHOT                              [3/3]
#22 165.2 [INFO]   from order-service/pom.xml
#22 165.2 [INFO] --------------------------------[ jar ]---------------------------------
#22 166.3 [INFO] 
#22 166.3 [INFO] --- resources:3.3.1:resources (default-resources) @ order-service ---
#22 166.3 [INFO] Copying 1 resource from src/main/resources to target/classes
#22 166.4 [INFO] Copying 2 resources from src/main/resources to target/classes
#22 166.4 [INFO] 
#22 166.4 [INFO] --- compiler:3.14.0:compile (default-compile) @ order-service ---
#22 166.5 [INFO] Recompiling the module because of changed dependency.
#22 166.5 [INFO] Compiling 97 source files with javac [debug parameters release 17] to target/classes
#22 175.3 [WARNING] /build/order-service/src/main/java/com/example/eshop/order/model/Cart.java:[28,28] @Builder will ignore the initializing expression entirely. If you want the initializing expression to serve as default, add @Builder.Default. If it is not supposed to be settable during building, make the field final.
#22 175.3 [WARNING] /build/order-service/src/main/java/com/example/eshop/order/model/Cart.java:[31,24] @Builder will ignore the initializing expression entirely. If you want the initializing expression to serve as default, add @Builder.Default. If it is not supposed to be settable during building, make the field final.
#22 175.3 [WARNING] /build/order-service/src/main/java/com/example/eshop/order/model/Cart.java:[34,21] @Builder will ignore the initializing expression entirely. If you want the initializing expression to serve as default, add @Builder.Default. If it is not supposed to be settable during building, make the field final.
#22 175.3 [WARNING] /build/order-service/src/main/java/com/example/eshop/order/model/Cart.java:[36,21] @Builder will ignore the initializing expression entirely. If you want the initializing expression to serve as default, add @Builder.Default. If it is not supposed to be settable during building, make the field final.
#22 175.3 [WARNING] /build/order-service/src/main/java/com/example/eshop/order/model/OrderDetail.java:[36,29] @Builder will ignore the initializing expression entirely. If you want the initializing expression to serve as default, add @Builder.Default. If it is not supposed to be settable during building, make the field final.
#22 175.3 [WARNING] /build/order-service/src/main/java/com/example/eshop/order/model/OrderDetail.java:[55,21] @Builder will ignore the initializing expression entirely. If you want the initializing expression to serve as default, add @Builder.Default. If it is not supposed to be settable during building, make the field final.
#22 175.3 [INFO] 
#22 175.3 [INFO] --- resources:3.3.1:testResources (default-testResources) @ order-service ---
#22 175.3 [INFO] skip non existing resourceDirectory /build/order-service/src/test/resources
#22 175.3 [INFO] 
#22 175.3 [INFO] --- compiler:3.14.0:testCompile (default-testCompile) @ order-service ---
#22 175.3 [INFO] Recompiling the module because of changed dependency.
#22 175.3 [INFO] Compiling 1 source file with javac [debug parameters release 17] to target/test-classes
#22 176.7 [INFO] 
#22 176.7 [INFO] --- surefire:3.5.3:test (default-test) @ order-service ---
#22 176.7 [INFO] Tests are skipped.
#22 176.7 [INFO] 
#22 176.7 [INFO] --- jar:3.4.2:jar (default-jar) @ order-service ---
#22 176.8 [INFO] Building jar: /build/order-service/target/order-service-0.0.1-SNAPSHOT.jar
#22 176.9 [INFO] 
#22 176.9 [INFO] --- spring-boot:3.5.0:repackage (repackage) @ order-service ---
#22 179.1 [INFO] Replacing main artifact /build/order-service/target/order-service-0.0.1-SNAPSHOT.jar with repackaged archive, adding nested dependencies in BOOT-INF/.
#22 179.1 [INFO] The original artifact has been renamed to /build/order-service/target/order-service-0.0.1-SNAPSHOT.jar.original
#22 179.1 [INFO] ------------------------------------------------------------------------
#22 179.1 [INFO] Reactor Summary for eshop-microservices 0.0.1-SNAPSHOT:
#22 179.1 [INFO] 
#22 179.1 [INFO] eshop-microservices ................................ SUCCESS [  0.013 s]
#22 179.1 [INFO] common-lib ......................................... SUCCESS [ 12.406 s]
#22 179.1 [INFO] order-service ...................................... SUCCESS [ 13.910 s]
#22 179.1 [INFO] ------------------------------------------------------------------------
#22 179.1 [INFO] BUILD SUCCESS
#22 179.1 [INFO] ------------------------------------------------------------------------
#22 179.2 [INFO] Total time:  27.672 s
#22 179.2 [INFO] Finished at: 2026-10-03T05:02:39Z
#22 179.2 [INFO] ------------------------------------------------------------------------
#22 DONE 179.8s

#43 [order-service stage-1 3/3] COPY --from=builder /build/order-service/target/*.jar app.jar
#43 DONE 0.5s

#44 [order-service] exporting to image
#44 exporting layers
#44 exporting layers 7.5s done
#44 exporting manifest sha256:4e08dec7b461128f1f7d3f3b7de4e5052f81a94fffae8c3b9a8e954dfd40df36 0.0s done
#44 exporting config sha256:b1f4e0444b1b7e6e0019a1725cfd0cded4e620c754bc1529551ec3a66366174d 0.0s done
#44 exporting attestation manifest sha256:90dcd90ff83409f336be0bfc27ecd684162ca6c3bfc83b90d4d8122fa88137df
#44 exporting attestation manifest sha256:90dcd90ff83409f336be0bfc27ecd684162ca6c3bfc83b90d4d8122fa88137df 0.2s done
#44 exporting manifest list sha256:2e578c4a9fc61f542e0f5c95ff415b8fad4552838b3d270437367052b9999bc4
#44 exporting manifest list sha256:2e578c4a9fc61f542e0f5c95ff415b8fad4552838b3d270437367052b9999bc4 0.1s done
#44 naming to docker.io/library/e-shop-order-service:latest 0.0s done
#44 unpacking to docker.io/library/e-shop-order-service:latest
#44 unpacking to docker.io/library/e-shop-order-service:latest 1.3s done
#44 DONE 9.3s

#45 [order-service] resolving provenance for metadata file
#45 DONE 0.0s
 e-shop-auth-service  Built
 e-shop-ai-service  Built
 e-shop-notification-service  Built
 e-shop-api-gateway  Built
 e-shop-catalog-service  Built
 e-shop-discovery-server  Built
 e-shop-order-service  Built
 Volume e-shop_kafka_data  Creating
 Volume e-shop_kafka_data  Created
 Volume e-shop_notification_db_data  Creating
 Volume e-shop_notification_db_data  Created
 Volume e-shop_ai_db_data  Creating
 Volume e-shop_ai_db_data  Created
time="2026-10-03T12:02:52+07:00" level=warning msg="Found orphan containers ([e-shop-mailpit-1]) for this project. If you removed or renamed this service in your compose file, you can run this command with the --remove-orphans flag to clean it up."
 Container e-shop-notification-db-1  Creating
 Container e-shop-ai-db-1  Creating
 Container order-db  Running
 Container e-shop-gateway-redis-1  Running
 Container e-shop-gateway-db-1  Running
 Container e-shop-kafka-1  Creating
 Container catalog-db  Running
 Container discovery-server  Recreate
 Container auth-db  Running
 Container e-shop-kafka-1  Created
 Container e-shop-notification-db-1  Created
 Container e-shop-ai-db-1  Created
 Container discovery-server  Recreated
 Container e-shop-ai-service-1  Creating
 Container e-shop-notification-service-1  Creating
 Container catalog-service  Recreate
 Container auth-service  Recreate
 Container api-gateway  Recreate
 Container order-service  Recreate
 Container e-shop-notification-service-1  Created
 Container e-shop-ai-service-1  Created
 Container api-gateway  Recreated
 Container auth-service  Recreated
 Container catalog-service  Recreated
 Container order-service  Recreated
 Container e-shop-ai-db-1  Starting
 Container e-shop-notification-db-1  Starting
 Container discovery-server  Starting
 Container e-shop-kafka-1  Starting
 Container discovery-server  Started
 Container catalog-db  Waiting
 Container auth-db  Waiting
 Container order-db  Waiting
 Container e-shop-gateway-db-1  Waiting
 Container e-shop-gateway-redis-1  Waiting
 Container e-shop-ai-db-1  Started
 Container catalog-db  Healthy
 Container catalog-service  Starting
 Container auth-db  Healthy
 Container auth-service  Starting
 Container order-db  Healthy
 Container order-service  Starting
 Container e-shop-gateway-db-1  Healthy
 Container e-shop-gateway-redis-1  Healthy
 Container api-gateway  Starting
 Container e-shop-kafka-1  Started
 Container e-shop-ai-db-1  Waiting
 Container e-shop-kafka-1  Waiting
 Container e-shop-notification-db-1  Started
 Container e-shop-notification-db-1  Waiting
 Container e-shop-kafka-1  Waiting
 Container api-gateway  Started
 Container catalog-service  Started
 Container auth-service  Started
 Container order-service  Started
 Container e-shop-ai-db-1  Healthy
 Container e-shop-notification-db-1  Healthy
 Container e-shop-kafka-1  Healthy
 Container e-shop-notification-service-1  Starting
 Container e-shop-kafka-1  Healthy
 Container e-shop-ai-service-1  Starting
 Container e-shop-notification-service-1  Started
Error response from daemon: ports are not available: exposing port TCP 127.0.0.1:8085 -> 127.0.0.1:0: listen tcp4 127.0.0.1:8085: bind: An attempt was made to access a socket in a way forbidden by its access permissions.
