#
# There is insufficient memory for the Java Runtime Environment to continue.
# Native memory allocation (mmap) failed to map 633339904 bytes. Error detail: G1 virtual space
# Possible reasons:
#   The system is out of physical RAM or swap space
#   This process is running with CompressedOops enabled, and the Java Heap may be blocking the growth of the native heap
# Possible solutions:
#   Reduce memory load on the system
#   Increase physical memory or swap space
#   Check if swap backing store is full
#   Decrease Java heap size (-Xmx/-Xms)
#   Decrease number of Java threads
#   Decrease Java thread stack sizes (-Xss)
#   Set larger code cache with -XX:ReservedCodeCacheSize=
#   JVM is running with Zero Based Compressed Oops mode in which the Java heap is
#     placed in the first 32GB address space. The Java Heap base address is the
#     maximum limit for the native heap growth. Please use -XX:HeapBaseMinAddress
#     to set the Java Heap base and to place the Java Heap above 32GB virtual address.
# This output file may be truncated or incomplete.
#
#  Out of Memory Error (os_windows.cpp:3554), pid=21748, tid=28668
#
# JRE version: Java(TM) SE Runtime Environment (25.0.1+8) (build 25.0.1+8-LTS-27)
# Java VM: Java HotSpot(TM) 64-Bit Server VM (25.0.1+8-LTS-27, mixed mode, sharing, tiered, compressed oops, compressed class ptrs, g1 gc, windows-amd64)
# No core dump will be written. Minidumps are not enabled by default on client versions of Windows
#

---------------  S U M M A R Y ------------

Command Line: C:\Users\seng hour\AppData\Local\Temp\surefire1284476712213166040\surefirebooter-20261004111843426_27.jar C:\Users\seng hour\AppData\Local\Temp\surefire1284476712213166040 2026-10-04T11-17-22_430-jvmRun1 surefire-20261004111843426_25tmp surefire_3-20261004111843426_26tmp

Host: AMD Ryzen 9 5900HX with Radeon Graphics        , 16 cores, 15G,  Windows 11 , 64 bit Build 26100 (10.0.26100.9444)
Time: Sun Oct  4 11:19:15 2026 SE Asia Standard Time elapsed time: 32.103288 seconds (0d 0h 0m 32s)

---------------  T H R E A D  ---------------

Current thread (0x0000015b5fddd6d0):  VMThread "VM Thread"          [id=28668, stack(0x00000015ab100000,0x00000015ab200000) (1024K)]

Stack: [0x00000015ab100000,0x00000015ab200000]
Native frames: (J=compiled Java code, j=interpreted, Vv=VM code, C=native code)
V  [jvm.dll+0x7a6b59]  (no source info available)
V  [jvm.dll+0x77290d]  (no source info available)
V  [jvm.dll+0x966153]  (no source info available)
V  [jvm.dll+0x968751]  (no source info available)
V  [jvm.dll+0x968e53]  (no source info available)
V  [jvm.dll+0x2fc756]  (no source info available)
V  [jvm.dll+0x7a2d85]  (no source info available)
V  [jvm.dll+0x796197]  (no source info available)
V  [jvm.dll+0x3f4698]  (no source info available)
V  [jvm.dll+0x3fc5b6]  (no source info available)
V  [jvm.dll+0x3e8c8e]  (no source info available)
V  [jvm.dll+0x3e8f48]  (no source info available)
V  [jvm.dll+0x3c0045]  (no source info available)
V  [jvm.dll+0x3c00da]  (no source info available)
V  [jvm.dll+0x40d2b6]  (no source info available)
V  [jvm.dll+0x40bbdb]  (no source info available)
V  [jvm.dll+0x3bf787]  (no source info available)
V  [jvm.dll+0x40afdf]  (no source info available)
V  [jvm.dll+0x96f091]  (no source info available)
V  [jvm.dll+0x9703ad]  (no source info available)
V  [jvm.dll+0x970929]  (no source info available)
V  [jvm.dll+0x970bd3]  (no source info available)
V  [jvm.dll+0x906a0d]  (no source info available)
V  [jvm.dll+0x7a5135]  (no source info available)
C  [ucrtbase.dll+0x2cd30]  (no source info available)
C  [KERNEL32.DLL+0x2cd87]  (no source info available)
C  [ntdll.dll+0xacaec]  (no source info available)

VM_Operation (0x00000015aaafb3c0): G1CollectForAllocation, mode: safepoint, requested by thread 0x0000015b3e113a90


---------------  P R O C E S S  ---------------

Threads class SMR info:
_java_thread_list=0x0000015b660046a0, length=20, elements={
0x0000015b3e113a90, 0x0000015b5fdf0420, 0x0000015b5fdf0be0, 0x0000015b5fdfe570,
0x0000015b5fe002f0, 0x0000015b5fe0aad0, 0x0000015b5fe0b290, 0x0000015b5fe16020,
0x0000015b5fe3ae40, 0x0000015b604351e0, 0x0000015b6043fb80, 0x0000015b6583c080,
0x0000015b65851dd0, 0x0000015b6ab191f0, 0x0000015b67e747b0, 0x0000015b67e71f60,
0x0000015b67e7e0e0, 0x0000015b67e7b080, 0x0000015b6ab199c0, 0x0000015b67b6ee10
}

Java Threads: ( => current thread )
  0x0000015b3e113a90 JavaThread "main"                              [_thread_blocked, id=15500, stack(0x00000015aaa00000,0x00000015aab00000) (1024K)]
  0x0000015b5fdf0420 JavaThread "Reference Handler"          daemon [_thread_blocked, id=36104, stack(0x00000015ab200000,0x00000015ab300000) (1024K)]
  0x0000015b5fdf0be0 JavaThread "Finalizer"                  daemon [_thread_blocked, id=22244, stack(0x00000015ab300000,0x00000015ab400000) (1024K)]
  0x0000015b5fdfe570 JavaThread "Signal Dispatcher"          daemon [_thread_blocked, id=35524, stack(0x00000015ab400000,0x00000015ab500000) (1024K)]
  0x0000015b5fe002f0 JavaThread "Attach Listener"            daemon [_thread_blocked, id=8984, stack(0x00000015ab500000,0x00000015ab600000) (1024K)]
  0x0000015b5fe0aad0 JavaThread "Service Thread"             daemon [_thread_blocked, id=2492, stack(0x00000015ab600000,0x00000015ab700000) (1024K)]
  0x0000015b5fe0b290 JavaThread "Monitor Deflation Thread"   daemon [_thread_blocked, id=39012, stack(0x00000015ab700000,0x00000015ab800000) (1024K)]
  0x0000015b5fe16020 JavaThread "C2 CompilerThread0"         daemon [_thread_blocked, id=29404, stack(0x00000015ab800000,0x00000015ab900000) (1024K)]
  0x0000015b5fe3ae40 JavaThread "C1 CompilerThread0"         daemon [_thread_blocked, id=33472, stack(0x00000015ab900000,0x00000015aba00000) (1024K)]
  0x0000015b604351e0 JavaThread "Notification Thread"        daemon [_thread_blocked, id=30596, stack(0x00000015aba00000,0x00000015abb00000) (1024K)]
  0x0000015b6043fb80 JavaThread "Common-Cleaner"             daemon [_thread_blocked, id=22192, stack(0x00000015abb00000,0x00000015abc00000) (1024K)]
  0x0000015b6583c080 JavaThread "surefire-forkedjvm-stream-flusher" daemon [_thread_blocked, id=18124, stack(0x00000015ac100000,0x00000015ac200000) (1024K)]
  0x0000015b65851dd0 JavaThread "surefire-forkedjvm-command-thread" daemon [_thread_in_native, id=7872, stack(0x00000015ac200000,0x00000015ac300000) (1024K)]
  0x0000015b6ab191f0 JavaThread "HikariPool-1:housekeeper"   daemon [_thread_blocked, id=5924, stack(0x00000015abf00000,0x00000015ac000000) (1024K)]
  0x0000015b67e747b0 JavaThread "C1 CompilerThread1"         daemon [_thread_blocked, id=40492, stack(0x00000015abc00000,0x00000015abd00000) (1024K)]
  0x0000015b67e71f60 JavaThread "C1 CompilerThread2"         daemon [_thread_blocked, id=25964, stack(0x00000015abd00000,0x00000015abe00000) (1024K)]
  0x0000015b67e7e0e0 JavaThread "C1 CompilerThread3"         daemon [_thread_blocked, id=22524, stack(0x00000015abe00000,0x00000015abf00000) (1024K)]
  0x0000015b67e7b080 JavaThread "C2 CompilerThread1"         daemon [_thread_blocked, id=15400, stack(0x00000015ac000000,0x00000015ac100000) (1024K)]
  0x0000015b6ab199c0 JavaThread "HikariPool-2:housekeeper"   daemon [_thread_blocked, id=37424, stack(0x00000015ac800000,0x00000015ac900000) (1024K)]
  0x0000015b67b6ee10 JavaThread "HikariPool-2:connection-adder" daemon [_thread_blocked, id=28732, stack(0x00000015ad200000,0x00000015ad300000) (1024K)]
Total: 20

Other Threads:
=>0x0000015b5fddd6d0 VMThread "VM Thread"                           [id=28668, stack(0x00000015ab100000,0x00000015ab200000) (1024K)]
  0x0000015b5fca5930 WatcherThread "VM Periodic Task Thread"        [id=36656, stack(0x00000015ab000000,0x00000015ab100000) (1024K)]
  0x0000015b40617770 WorkerThread "GC Thread#0"                     [id=36740, stack(0x00000015aab00000,0x00000015aac00000) (1024K)]
  0x0000015b66143c70 WorkerThread "GC Thread#1"                     [id=34732, stack(0x00000015ac300000,0x00000015ac400000) (1024K)]
  0x0000015b66204150 WorkerThread "GC Thread#2"                     [id=7608, stack(0x00000015ac400000,0x00000015ac500000) (1024K)]
  0x0000015b661d60d0 WorkerThread "GC Thread#3"                     [id=28924, stack(0x00000015ac500000,0x00000015ac600000) (1024K)]
  0x0000015b661a2d80 WorkerThread "GC Thread#4"                     [id=12712, stack(0x00000015ac600000,0x00000015ac700000) (1024K)]
  0x0000015b661a31b0 WorkerThread "GC Thread#5"                     [id=21160, stack(0x00000015ac700000,0x00000015ac800000) (1024K)]
  0x0000015b667ad9f0 WorkerThread "GC Thread#6"                     [id=35728, stack(0x00000015ac900000,0x00000015aca00000) (1024K)]
  0x0000015b667ac8b0 WorkerThread "GC Thread#7"                     [id=38824, stack(0x00000015aca00000,0x00000015acb00000) (1024K)]
  0x0000015b667ae6e0 WorkerThread "GC Thread#8"                     [id=20764, stack(0x00000015acb00000,0x00000015acc00000) (1024K)]
  0x0000015b667ab320 WorkerThread "GC Thread#9"                     [id=13004, stack(0x00000015acc00000,0x00000015acd00000) (1024K)]
  0x0000015b667ade40 WorkerThread "GC Thread#10"                    [id=21852, stack(0x00000015acd00000,0x00000015ace00000) (1024K)]
  0x0000015b667ae290 WorkerThread "GC Thread#11"                    [id=21072, stack(0x00000015ace00000,0x00000015acf00000) (1024K)]
  0x0000015b667ab770 WorkerThread "GC Thread#12"                    [id=19008, stack(0x00000015acf00000,0x00000015ad000000) (1024K)]
  0x0000015b40631a10 ConcurrentGCThread "G1 Main Marker"            [id=39984, stack(0x00000015aac00000,0x00000015aad00000) (1024K)]
  0x0000015b40633200 WorkerThread "G1 Conc#0"                       [id=41688, stack(0x00000015aad00000,0x00000015aae00000) (1024K)]
  0x0000015b667abbc0 WorkerThread "G1 Conc#1"                       [id=21688, stack(0x00000015ad000000,0x00000015ad100000) (1024K)]
  0x0000015b662bebf0 WorkerThread "G1 Conc#2"                       [id=30456, stack(0x00000015ad100000,0x00000015ad200000) (1024K)]
  0x0000015b5fc9b920 ConcurrentGCThread "G1 Refine#0"               [id=28296, stack(0x00000015aae00000,0x00000015aaf00000) (1024K)]
  0x0000015b5fc9bf30 ConcurrentGCThread "G1 Service"                [id=43212, stack(0x00000015aaf00000,0x00000015ab000000) (1024K)]
Total: 21

Threads with active compile tasks:
C2 CompilerThread0  32196 16583       4       java.util.ArrayList$ArrayListSpliterator::forEachRemaining (127 bytes)
C1 CompilerThread0  32196 16590       3       org.hibernate.metamodel.internal.EntityRepresentationStrategyPojoStandard::resolvePropertyAccess (60 bytes)
Total: 2

VM state: at safepoint (normal execution)

VM Mutex/Monitor currently owned by a thread:  ([mutex/lock_event])
[0x00007ffaa3d894e8] Threads_lock - owner thread: 0x0000015b5fddd6d0
[0x00007ffaa3d89668] Heap_lock - owner thread: 0x0000015b3e113a90

Heap address: 0x0000000709400000, size: 3948 MB, Compressed Oops mode: Zero based, Oop shift amount: 3

CDS archive(s) mapped at: [0x0000000083000000-0x0000000083dd0000-0x0000000083dd0000), size 14483456, SharedBaseAddress: 0x0000000083000000, ArchiveRelocationMode: 1.
Compressed class space mapped at: 0x0000000084000000-0x00000000c4000000, reserved size: 1073741824
UseCompressedClassPointers 1, UseCompactObjectHeaders 0
Narrow klass pointer bits 32, Max shift 3
Narrow klass base: 0x0000000083000000, Narrow klass shift: 0
Encoding Range: [0x0000000083000000 - 0x0000000183000000), (4294967296 bytes)
Klass Range:    [0x0000000083010000 - 0x00000000c4000000), (1090453504 bytes)
Klass ID Range:  [65536 - 1090519033) (1090453497)
Protection zone: [0x0000000083000000 - 0x0000000083010000), (65536 bytes)

GC Precious Log:
 CardTable entry size: 512
 Card Set container configuration: InlinePtr #cards 4 size 8 Array Of Cards #cards 16 size 48 Howl #buckets 8 coarsen threshold 3686 Howl Bitmap #cards 512 size 80 coarsen threshold 460 Card regions per heap region 1 cards per card region 4096
 CPUs: 16 total, 16 available
 Memory: 15791M
 Large Page Support: Disabled
 NUMA Support: Disabled
 Compressed Oops: Enabled (Zero based)
 Heap Region Size: 2M
 Heap Min Capacity: 8M
 Heap Initial Capacity: 248M
 Heap Max Capacity: 3948M
 Pre-touch: Disabled
 Parallel Workers: 13
 Concurrent Workers: 3
 Concurrent Refinement Workers: 13
 Periodic GC: Disabled

Heap:
 garbage-first heap   total reserved 4042752K, committed 675840K, used 371712K [0x0000000709400000, 0x0000000800000000)
  region size 2048K, 14 young (28672K), 14 survivors (28672K)

Heap Regions: E=young(eden), S=young(survivor), O=old, HS=humongous(starts), HC=humongous(continues), CS=collection set, F=free, TAMS=top-at-mark-start, PB=parsable bottom
|   0|0x0000000709400000, 0x0000000709600000, 0x0000000709600000|100%| O|  |TAMS 0x0000000709600000| PB 0x0000000709400000| Untracked |  0
|   1|0x0000000709600000, 0x0000000709800000, 0x0000000709800000|100%| O|  |TAMS 0x0000000709800000| PB 0x0000000709600000| Untracked |  0
|   2|0x0000000709800000, 0x0000000709a00000, 0x0000000709a00000|100%| O|  |TAMS 0x0000000709a00000| PB 0x0000000709800000| Untracked |  0
|   3|0x0000000709a00000, 0x0000000709c00000, 0x0000000709c00000|100%| O|  |TAMS 0x0000000709c00000| PB 0x0000000709a00000| Untracked |  0
|   4|0x0000000709c00000, 0x0000000709e00000, 0x0000000709e00000|100%| O|  |TAMS 0x0000000709e00000| PB 0x0000000709c00000| Untracked |  0
|   5|0x0000000709e00000, 0x000000070a000000, 0x000000070a000000|100%| O|  |TAMS 0x000000070a000000| PB 0x0000000709e00000| Untracked |  0
|   6|0x000000070a000000, 0x000000070a200000, 0x000000070a200000|100%| O|  |TAMS 0x000000070a200000| PB 0x000000070a000000| Untracked |  0
|   7|0x000000070a200000, 0x000000070a400000, 0x000000070a400000|100%| O|  |TAMS 0x000000070a400000| PB 0x000000070a200000| Untracked |  0
|   8|0x000000070a400000, 0x000000070a600000, 0x000000070a600000|100%| O|  |TAMS 0x000000070a600000| PB 0x000000070a400000| Untracked |  0
|   9|0x000000070a600000, 0x000000070a800000, 0x000000070a800000|100%| O|  |TAMS 0x000000070a800000| PB 0x000000070a600000| Untracked |  0
|  10|0x000000070a800000, 0x000000070aa00000, 0x000000070aa00000|100%| O|  |TAMS 0x000000070aa00000| PB 0x000000070a800000| Untracked |  0
|  11|0x000000070aa00000, 0x000000070ac00000, 0x000000070ac00000|100%| O|  |TAMS 0x000000070ac00000| PB 0x000000070aa00000| Untracked |  0
|  12|0x000000070ac00000, 0x000000070ae00000, 0x000000070ae00000|100%| O|  |TAMS 0x000000070ae00000| PB 0x000000070ac00000| Untracked |  0
|  13|0x000000070ae00000, 0x000000070b000000, 0x000000070b000000|100%| O|  |TAMS 0x000000070b000000| PB 0x000000070ae00000| Untracked |  0
|  14|0x000000070b000000, 0x000000070b200000, 0x000000070b200000|100%| O|  |TAMS 0x000000070b200000| PB 0x000000070b000000| Untracked |  0
|  15|0x000000070b200000, 0x000000070b400000, 0x000000070b400000|100%| O|  |TAMS 0x000000070b400000| PB 0x000000070b200000| Untracked |  0
|  16|0x000000070b400000, 0x000000070b600000, 0x000000070b600000|100%| O|  |TAMS 0x000000070b600000| PB 0x000000070b400000| Untracked |  0
|  17|0x000000070b600000, 0x000000070b800000, 0x000000070b800000|100%| O|  |TAMS 0x000000070b800000| PB 0x000000070b600000| Untracked |  0
|  18|0x000000070b800000, 0x000000070ba00000, 0x000000070ba00000|100%| O|  |TAMS 0x000000070ba00000| PB 0x000000070b800000| Untracked |  0
|  19|0x000000070ba00000, 0x000000070bc00000, 0x000000070bc00000|100%| O|  |TAMS 0x000000070bc00000| PB 0x000000070ba00000| Untracked |  0
|  20|0x000000070bc00000, 0x000000070be00000, 0x000000070be00000|100%| O|  |TAMS 0x000000070be00000| PB 0x000000070bc00000| Untracked |  0
|  21|0x000000070be00000, 0x000000070c000000, 0x000000070c000000|100%| O|  |TAMS 0x000000070c000000| PB 0x000000070be00000| Untracked |  0
|  22|0x000000070c000000, 0x000000070c200000, 0x000000070c200000|100%| O|  |TAMS 0x000000070c200000| PB 0x000000070c000000| Untracked |  0
|  23|0x000000070c200000, 0x000000070c400000, 0x000000070c400000|100%| O|  |TAMS 0x000000070c400000| PB 0x000000070c200000| Untracked |  0
|  24|0x000000070c400000, 0x000000070c600000, 0x000000070c600000|100%| O|  |TAMS 0x000000070c600000| PB 0x000000070c400000| Untracked |  0
|  25|0x000000070c600000, 0x000000070c800000, 0x000000070c800000|100%| O|  |TAMS 0x000000070c800000| PB 0x000000070c600000| Untracked |  0
|  26|0x000000070c800000, 0x000000070ca00000, 0x000000070ca00000|100%|HS|  |TAMS 0x000000070ca00000| PB 0x000000070c800000| Complete |  0
|  27|0x000000070ca00000, 0x000000070cc00000, 0x000000070cc00000|100%| O|  |TAMS 0x000000070cc00000| PB 0x000000070ca00000| Untracked |  0
|  28|0x000000070cc00000, 0x000000070ce00000, 0x000000070ce00000|100%| O|  |TAMS 0x000000070ce00000| PB 0x000000070cc00000| Untracked |  0
|  29|0x000000070ce00000, 0x000000070d000000, 0x000000070d000000|100%| O|  |TAMS 0x000000070d000000| PB 0x000000070ce00000| Untracked |  0
|  30|0x000000070d000000, 0x000000070d200000, 0x000000070d200000|100%| O|  |TAMS 0x000000070d200000| PB 0x000000070d000000| Untracked |  0
|  31|0x000000070d200000, 0x000000070d400000, 0x000000070d400000|100%| O|  |TAMS 0x000000070d400000| PB 0x000000070d200000| Untracked |  0
|  32|0x000000070d400000, 0x000000070d600000, 0x000000070d600000|100%| O|  |TAMS 0x000000070d600000| PB 0x000000070d400000| Untracked |  0
|  33|0x000000070d600000, 0x000000070d800000, 0x000000070d800000|100%| O|  |TAMS 0x000000070d600000| PB 0x000000070d600000| Untracked |  0
|  34|0x000000070d800000, 0x000000070da00000, 0x000000070da00000|100%| O|  |TAMS 0x000000070d800000| PB 0x000000070d800000| Untracked |  0
|  35|0x000000070da00000, 0x000000070dc00000, 0x000000070dc00000|100%|HS|  |TAMS 0x000000070dc00000| PB 0x000000070da00000| Complete |  0
|  36|0x000000070dc00000, 0x000000070de00000, 0x000000070de00000|100%|HC|  |TAMS 0x000000070de00000| PB 0x000000070dc00000| Complete |  0
|  37|0x000000070de00000, 0x000000070e000000, 0x000000070e000000|100%| O|  |TAMS 0x000000070e000000| PB 0x000000070de00000| Untracked |  0
|  38|0x000000070e000000, 0x000000070e200000, 0x000000070e200000|100%| O|  |TAMS 0x000000070e200000| PB 0x000000070e000000| Untracked |  0
|  39|0x000000070e200000, 0x000000070e400000, 0x000000070e400000|100%| O|  |TAMS 0x000000070e400000| PB 0x000000070e200000| Untracked |  0
|  40|0x000000070e400000, 0x000000070e600000, 0x000000070e600000|100%| O|  |TAMS 0x000000070e600000| PB 0x000000070e400000| Untracked |  0
|  41|0x000000070e600000, 0x000000070e800000, 0x000000070e800000|100%| O|  |TAMS 0x000000070e800000| PB 0x000000070e600000| Untracked |  0
|  42|0x000000070e800000, 0x000000070ea00000, 0x000000070ea00000|100%| O|  |TAMS 0x000000070ea00000| PB 0x000000070e800000| Untracked |  0
|  43|0x000000070ea00000, 0x000000070ec00000, 0x000000070ec00000|100%| O|  |TAMS 0x000000070ec00000| PB 0x000000070ea00000| Untracked |  0
|  44|0x000000070ec00000, 0x000000070ee00000, 0x000000070ee00000|100%| O|  |TAMS 0x000000070ee00000| PB 0x000000070ec00000| Untracked |  0
|  45|0x000000070ee00000, 0x000000070f000000, 0x000000070f000000|100%| O|  |TAMS 0x000000070ee00000| PB 0x000000070ee00000| Untracked |  0
|  46|0x000000070f000000, 0x000000070f200000, 0x000000070f200000|100%| O|  |TAMS 0x000000070f200000| PB 0x000000070f000000| Untracked |  0
|  47|0x000000070f200000, 0x000000070f400000, 0x000000070f400000|100%| O|  |TAMS 0x000000070f200000| PB 0x000000070f200000| Untracked |  0
|  48|0x000000070f400000, 0x000000070f600000, 0x000000070f600000|100%| O|  |TAMS 0x000000070f600000| PB 0x000000070f400000| Untracked |  0
|  49|0x000000070f600000, 0x000000070f800000, 0x000000070f800000|100%| O|  |TAMS 0x000000070f800000| PB 0x000000070f600000| Untracked |  0
|  50|0x000000070f800000, 0x000000070fa00000, 0x000000070fa00000|100%| O|  |TAMS 0x000000070fa00000| PB 0x000000070f800000| Untracked |  0
|  51|0x000000070fa00000, 0x000000070fc00000, 0x000000070fc00000|100%| O|  |TAMS 0x000000070fc00000| PB 0x000000070fa00000| Untracked |  0
|  52|0x000000070fc00000, 0x000000070fe00000, 0x000000070fe00000|100%| O|  |TAMS 0x000000070fe00000| PB 0x000000070fc00000| Untracked |  0
|  53|0x000000070fe00000, 0x0000000710000000, 0x0000000710000000|100%| O|  |TAMS 0x000000070fe00000| PB 0x000000070fe00000| Untracked |  0
|  54|0x0000000710000000, 0x0000000710200000, 0x0000000710200000|100%| O|  |TAMS 0x0000000710200000| PB 0x0000000710000000| Untracked |  0
|  55|0x0000000710200000, 0x0000000710400000, 0x0000000710400000|100%| O|  |TAMS 0x0000000710400000| PB 0x0000000710200000| Untracked |  0
|  56|0x0000000710400000, 0x0000000710600000, 0x0000000710600000|100%| O|  |TAMS 0x0000000710600000| PB 0x0000000710400000| Untracked |  0
|  57|0x0000000710600000, 0x0000000710800000, 0x0000000710800000|100%| O|  |TAMS 0x0000000710800000| PB 0x0000000710600000| Untracked |  0
|  58|0x0000000710800000, 0x0000000710a00000, 0x0000000710a00000|100%| O|  |TAMS 0x0000000710a00000| PB 0x0000000710800000| Untracked |  0
|  59|0x0000000710a00000, 0x0000000710c00000, 0x0000000710c00000|100%| O|  |TAMS 0x0000000710c00000| PB 0x0000000710a00000| Untracked |  0
|  60|0x0000000710c00000, 0x0000000710e00000, 0x0000000710e00000|100%| O|  |TAMS 0x0000000710e00000| PB 0x0000000710c00000| Untracked |  0
|  61|0x0000000710e00000, 0x0000000711000000, 0x0000000711000000|100%| O|  |TAMS 0x0000000711000000| PB 0x0000000710e00000| Untracked |  0
|  62|0x0000000711000000, 0x0000000711200000, 0x0000000711200000|100%| O|  |TAMS 0x0000000711200000| PB 0x0000000711000000| Untracked |  0
|  63|0x0000000711200000, 0x0000000711400000, 0x0000000711400000|100%| O|  |TAMS 0x0000000711400000| PB 0x0000000711200000| Untracked |  0
|  64|0x0000000711400000, 0x0000000711600000, 0x0000000711600000|100%| O|  |TAMS 0x0000000711600000| PB 0x0000000711400000| Untracked |  0
|  65|0x0000000711600000, 0x0000000711800000, 0x0000000711800000|100%| O|  |TAMS 0x0000000711800000| PB 0x0000000711600000| Untracked |  0
|  66|0x0000000711800000, 0x0000000711a00000, 0x0000000711a00000|100%| O|  |TAMS 0x0000000711800000| PB 0x0000000711800000| Untracked |  0
|  67|0x0000000711a00000, 0x0000000711c00000, 0x0000000711c00000|100%| O|  |TAMS 0x0000000711a00000| PB 0x0000000711a00000| Untracked |  0
|  68|0x0000000711c00000, 0x0000000711e00000, 0x0000000711e00000|100%| O|  |TAMS 0x0000000711c00000| PB 0x0000000711c00000| Untracked |  0
|  69|0x0000000711e00000, 0x0000000712000000, 0x0000000712000000|100%| O|  |TAMS 0x0000000712000000| PB 0x0000000711e00000| Untracked |  0
|  70|0x0000000712000000, 0x0000000712200000, 0x0000000712200000|100%| O|  |TAMS 0x0000000712000000| PB 0x0000000712000000| Untracked |  0
|  71|0x0000000712200000, 0x0000000712400000, 0x0000000712400000|100%| O|  |TAMS 0x0000000712400000| PB 0x0000000712200000| Untracked |  0
|  72|0x0000000712400000, 0x0000000712600000, 0x0000000712600000|100%| O|  |TAMS 0x0000000712400000| PB 0x0000000712400000| Untracked |  0
|  73|0x0000000712600000, 0x0000000712800000, 0x0000000712800000|100%| O|  |TAMS 0x0000000712600000| PB 0x0000000712600000| Untracked |  0
|  74|0x0000000712800000, 0x0000000712a00000, 0x0000000712a00000|100%| O|  |TAMS 0x0000000712a00000| PB 0x0000000712800000| Untracked |  0
|  75|0x0000000712a00000, 0x0000000712c00000, 0x0000000712c00000|100%| O|  |TAMS 0x0000000712c00000| PB 0x0000000712a00000| Untracked |  0
|  76|0x0000000712c00000, 0x0000000712e00000, 0x0000000712e00000|100%| O|  |TAMS 0x0000000712e00000| PB 0x0000000712c00000| Untracked |  0
|  77|0x0000000712e00000, 0x0000000713000000, 0x0000000713000000|100%| O|  |TAMS 0x0000000713000000| PB 0x0000000712e00000| Untracked |  0
|  78|0x0000000713000000, 0x0000000713200000, 0x0000000713200000|100%| O|  |TAMS 0x0000000713200000| PB 0x0000000713000000| Untracked |  0
|  79|0x0000000713200000, 0x0000000713400000, 0x0000000713400000|100%| O|  |TAMS 0x0000000713400000| PB 0x0000000713200000| Untracked |  0
|  80|0x0000000713400000, 0x0000000713600000, 0x0000000713600000|100%| O|  |TAMS 0x0000000713600000| PB 0x0000000713400000| Untracked |  0
|  81|0x0000000713600000, 0x0000000713800000, 0x0000000713800000|100%| O|  |TAMS 0x0000000713600000| PB 0x0000000713600000| Untracked |  0
|  82|0x0000000713800000, 0x0000000713a00000, 0x0000000713a00000|100%| O|  |TAMS 0x0000000713800000| PB 0x0000000713800000| Untracked |  0
|  83|0x0000000713a00000, 0x0000000713c00000, 0x0000000713c00000|100%| O|  |TAMS 0x0000000713c00000| PB 0x0000000713a00000| Untracked |  0
|  84|0x0000000713c00000, 0x0000000713e00000, 0x0000000713e00000|100%| O|  |TAMS 0x0000000713e00000| PB 0x0000000713c00000| Untracked |  0
|  85|0x0000000713e00000, 0x0000000714000000, 0x0000000714000000|100%| O|  |TAMS 0x0000000714000000| PB 0x0000000713e00000| Untracked |  0
|  86|0x0000000714000000, 0x0000000714200000, 0x0000000714200000|100%| O|  |TAMS 0x0000000714200000| PB 0x0000000714000000| Untracked |  0
|  87|0x0000000714200000, 0x0000000714400000, 0x0000000714400000|100%| O|  |TAMS 0x0000000714400000| PB 0x0000000714200000| Untracked |  0
|  88|0x0000000714400000, 0x0000000714600000, 0x0000000714600000|100%| O|  |TAMS 0x0000000714600000| PB 0x0000000714400000| Untracked |  0
|  89|0x0000000714600000, 0x0000000714800000, 0x0000000714800000|100%| O|  |TAMS 0x0000000714600000| PB 0x0000000714600000| Untracked |  0
|  90|0x0000000714800000, 0x0000000714a00000, 0x0000000714a00000|100%| O|  |TAMS 0x0000000714800000| PB 0x0000000714800000| Untracked |  0
|  91|0x0000000714a00000, 0x0000000714c00000, 0x0000000714c00000|100%| O|  |TAMS 0x0000000714c00000| PB 0x0000000714a00000| Untracked |  0
|  92|0x0000000714c00000, 0x0000000714e00000, 0x0000000714e00000|100%| O|  |TAMS 0x0000000714e00000| PB 0x0000000714c00000| Untracked |  0
|  93|0x0000000714e00000, 0x0000000715000000, 0x0000000715000000|100%| O|  |TAMS 0x0000000715000000| PB 0x0000000714e00000| Untracked |  0
|  94|0x0000000715000000, 0x0000000715200000, 0x0000000715200000|100%| O|  |TAMS 0x0000000715200000| PB 0x0000000715000000| Untracked |  0
|  95|0x0000000715200000, 0x0000000715400000, 0x0000000715400000|100%| O|  |TAMS 0x0000000715400000| PB 0x0000000715200000| Untracked |  0
|  96|0x0000000715400000, 0x0000000715600000, 0x0000000715600000|100%| O|  |TAMS 0x0000000715400000| PB 0x0000000715400000| Untracked |  0
|  97|0x0000000715600000, 0x0000000715800000, 0x0000000715800000|100%| O|  |TAMS 0x0000000715600000| PB 0x0000000715600000| Untracked |  0
|  98|0x0000000715800000, 0x0000000715a00000, 0x0000000715a00000|100%| O|  |TAMS 0x0000000715a00000| PB 0x0000000715800000| Untracked |  0
|  99|0x0000000715a00000, 0x0000000715c00000, 0x0000000715c00000|100%| O|  |TAMS 0x0000000715c00000| PB 0x0000000715a00000| Untracked |  0
| 100|0x0000000715c00000, 0x0000000715e00000, 0x0000000715e00000|100%| O|  |TAMS 0x0000000715e00000| PB 0x0000000715c00000| Untracked |  0
| 101|0x0000000715e00000, 0x0000000716000000, 0x0000000716000000|100%| O|  |TAMS 0x0000000716000000| PB 0x0000000715e00000| Untracked |  0
| 102|0x0000000716000000, 0x0000000716200000, 0x0000000716200000|100%| O|  |TAMS 0x0000000716200000| PB 0x0000000716000000| Untracked |  0
| 103|0x0000000716200000, 0x0000000716400000, 0x0000000716400000|100%| O|  |TAMS 0x0000000716400000| PB 0x0000000716200000| Untracked |  0
| 104|0x0000000716400000, 0x0000000716600000, 0x0000000716600000|100%| O|  |TAMS 0x0000000716600000| PB 0x0000000716400000| Untracked |  0
| 105|0x0000000716600000, 0x0000000716800000, 0x0000000716800000|100%| O|  |TAMS 0x0000000716800000| PB 0x0000000716600000| Untracked |  0
| 106|0x0000000716800000, 0x0000000716a00000, 0x0000000716a00000|100%| O|  |TAMS 0x0000000716a00000| PB 0x0000000716800000| Untracked |  0
| 107|0x0000000716a00000, 0x0000000716c00000, 0x0000000716c00000|100%| O|  |TAMS 0x0000000716c00000| PB 0x0000000716a00000| Untracked |  0
| 108|0x0000000716c00000, 0x0000000716e00000, 0x0000000716e00000|100%| O|  |TAMS 0x0000000716c00000| PB 0x0000000716c00000| Untracked |  0
| 109|0x0000000716e00000, 0x0000000717000000, 0x0000000717000000|100%| O|  |TAMS 0x0000000717000000| PB 0x0000000716e00000| Untracked |  0
| 110|0x0000000717000000, 0x0000000717200000, 0x0000000717200000|100%|HS|  |TAMS 0x0000000717200000| PB 0x0000000717000000| Complete |  0
| 111|0x0000000717200000, 0x0000000717400000, 0x0000000717400000|100%| O|  |TAMS 0x0000000717400000| PB 0x0000000717200000| Untracked |  0
| 112|0x0000000717400000, 0x0000000717600000, 0x0000000717600000|100%| O|  |TAMS 0x0000000717600000| PB 0x0000000717400000| Untracked |  0
| 113|0x0000000717600000, 0x0000000717800000, 0x0000000717800000|100%| O|  |TAMS 0x0000000717800000| PB 0x0000000717600000| Untracked |  0
| 114|0x0000000717800000, 0x0000000717a00000, 0x0000000717a00000|100%| O|  |TAMS 0x0000000717a00000| PB 0x0000000717800000| Untracked |  0
| 115|0x0000000717a00000, 0x0000000717c00000, 0x0000000717c00000|100%| O|  |TAMS 0x0000000717c00000| PB 0x0000000717a00000| Untracked |  0
| 116|0x0000000717c00000, 0x0000000717e00000, 0x0000000717e00000|100%| O|  |TAMS 0x0000000717e00000| PB 0x0000000717c00000| Untracked |  0
| 117|0x0000000717e00000, 0x0000000718000000, 0x0000000718000000|100%| O|  |TAMS 0x0000000718000000| PB 0x0000000717e00000| Untracked |  0
| 118|0x0000000718000000, 0x0000000718200000, 0x0000000718200000|100%| O|  |TAMS 0x0000000718200000| PB 0x0000000718000000| Untracked |  0
| 119|0x0000000718200000, 0x0000000718400000, 0x0000000718400000|100%| O|  |TAMS 0x0000000718400000| PB 0x0000000718200000| Untracked |  0
| 120|0x0000000718400000, 0x0000000718600000, 0x0000000718600000|100%| O|  |TAMS 0x0000000718600000| PB 0x0000000718400000| Untracked |  0
| 121|0x0000000718600000, 0x0000000718800000, 0x0000000718800000|100%| O|  |TAMS 0x0000000718800000| PB 0x0000000718600000| Untracked |  0
| 122|0x0000000718800000, 0x0000000718a00000, 0x0000000718a00000|100%| O|  |TAMS 0x0000000718a00000| PB 0x0000000718800000| Untracked |  0
| 123|0x0000000718a00000, 0x0000000718c00000, 0x0000000718c00000|100%| O|  |TAMS 0x0000000718c00000| PB 0x0000000718a00000| Untracked |  0
| 124|0x0000000718c00000, 0x0000000718e00000, 0x0000000718e00000|100%| O|  |TAMS 0x0000000718e00000| PB 0x0000000718c00000| Untracked |  0
| 125|0x0000000718e00000, 0x0000000719000000, 0x0000000719000000|100%| O|  |TAMS 0x0000000719000000| PB 0x0000000718e00000| Untracked |  0
| 126|0x0000000719000000, 0x0000000719200000, 0x0000000719200000|100%| O|  |TAMS 0x0000000719200000| PB 0x0000000719000000| Untracked |  0
| 127|0x0000000719200000, 0x0000000719400000, 0x0000000719400000|100%| O|  |TAMS 0x0000000719400000| PB 0x0000000719200000| Untracked |  0
| 128|0x0000000719400000, 0x0000000719600000, 0x0000000719600000|100%|HS|  |TAMS 0x0000000719600000| PB 0x0000000719400000| Complete |  0
| 129|0x0000000719600000, 0x0000000719800000, 0x0000000719800000|100%| O|  |TAMS 0x0000000719800000| PB 0x0000000719600000| Untracked |  0
| 130|0x0000000719800000, 0x0000000719a00000, 0x0000000719a00000|100%| O|  |TAMS 0x0000000719a00000| PB 0x0000000719800000| Untracked |  0
| 131|0x0000000719a00000, 0x0000000719c00000, 0x0000000719c00000|100%| O|  |TAMS 0x0000000719c00000| PB 0x0000000719a00000| Untracked |  0
| 132|0x0000000719c00000, 0x0000000719e00000, 0x0000000719e00000|100%| O|  |TAMS 0x0000000719e00000| PB 0x0000000719c00000| Untracked |  0
| 133|0x0000000719e00000, 0x000000071a000000, 0x000000071a000000|100%| O|  |TAMS 0x000000071a000000| PB 0x0000000719e00000| Untracked |  0
| 134|0x000000071a000000, 0x000000071a200000, 0x000000071a200000|100%| O|  |TAMS 0x000000071a200000| PB 0x000000071a000000| Untracked |  0
| 135|0x000000071a200000, 0x000000071a400000, 0x000000071a400000|100%| O|  |TAMS 0x000000071a400000| PB 0x000000071a200000| Untracked |  0
| 136|0x000000071a400000, 0x000000071a600000, 0x000000071a600000|100%| O|  |TAMS 0x000000071a600000| PB 0x000000071a400000| Untracked |  0
| 137|0x000000071a600000, 0x000000071a800000, 0x000000071a800000|100%| O|  |TAMS 0x000000071a800000| PB 0x000000071a600000| Untracked |  0
| 138|0x000000071a800000, 0x000000071aa00000, 0x000000071aa00000|100%| O|  |TAMS 0x000000071aa00000| PB 0x000000071a800000| Untracked |  0
| 139|0x000000071aa00000, 0x000000071ac00000, 0x000000071ac00000|100%| O|  |TAMS 0x000000071ac00000| PB 0x000000071aa00000| Untracked |  0
| 140|0x000000071ac00000, 0x000000071ae00000, 0x000000071ae00000|100%| O|  |TAMS 0x000000071ae00000| PB 0x000000071ac00000| Untracked |  0
| 141|0x000000071ae00000, 0x000000071b000000, 0x000000071b000000|100%| O|  |TAMS 0x000000071b000000| PB 0x000000071ae00000| Untracked |  0
| 142|0x000000071b000000, 0x000000071b200000, 0x000000071b200000|100%| O|  |TAMS 0x000000071b200000| PB 0x000000071b000000| Untracked |  0
| 143|0x000000071b200000, 0x000000071b400000, 0x000000071b400000|100%| O|  |TAMS 0x000000071b400000| PB 0x000000071b200000| Untracked |  0
| 144|0x000000071b400000, 0x000000071b600000, 0x000000071b600000|100%| O|  |TAMS 0x000000071b600000| PB 0x000000071b400000| Untracked |  0
| 145|0x000000071b600000, 0x000000071b800000, 0x000000071b800000|100%| O|  |TAMS 0x000000071b800000| PB 0x000000071b600000| Untracked |  0
| 146|0x000000071b800000, 0x000000071ba00000, 0x000000071ba00000|100%| O|  |TAMS 0x000000071ba00000| PB 0x000000071b800000| Untracked |  0
| 147|0x000000071ba00000, 0x000000071bc00000, 0x000000071bc00000|100%| O|  |TAMS 0x000000071bc00000| PB 0x000000071ba00000| Untracked |  0
| 148|0x000000071bc00000, 0x000000071be00000, 0x000000071be00000|100%| O|  |TAMS 0x000000071be00000| PB 0x000000071bc00000| Untracked |  0
| 149|0x000000071be00000, 0x000000071c000000, 0x000000071c000000|100%| O|  |TAMS 0x000000071c000000| PB 0x000000071be00000| Untracked |  0
| 150|0x000000071c000000, 0x000000071c200000, 0x000000071c200000|100%| O|  |TAMS 0x000000071c200000| PB 0x000000071c000000| Untracked |  0
| 151|0x000000071c200000, 0x000000071c400000, 0x000000071c400000|100%| O|  |TAMS 0x000000071c400000| PB 0x000000071c200000| Untracked |  0
| 152|0x000000071c400000, 0x000000071c600000, 0x000000071c600000|100%| O|  |TAMS 0x000000071c600000| PB 0x000000071c400000| Untracked |  0
| 153|0x000000071c600000, 0x000000071c800000, 0x000000071c800000|100%| O|  |TAMS 0x000000071c800000| PB 0x000000071c600000| Untracked |  0
| 154|0x000000071c800000, 0x000000071ca00000, 0x000000071ca00000|100%| O|  |TAMS 0x000000071ca00000| PB 0x000000071c800000| Untracked |  0
| 155|0x000000071ca00000, 0x000000071cc00000, 0x000000071cc00000|100%| O|  |TAMS 0x000000071cc00000| PB 0x000000071ca00000| Untracked |  0
| 156|0x000000071cc00000, 0x000000071ce00000, 0x000000071ce00000|100%| O|  |TAMS 0x000000071ce00000| PB 0x000000071cc00000| Untracked |  0
| 157|0x000000071ce00000, 0x000000071d000000, 0x000000071d000000|100%| O|  |TAMS 0x000000071d000000| PB 0x000000071ce00000| Untracked |  0
| 158|0x000000071d000000, 0x000000071d200000, 0x000000071d200000|100%| O|  |TAMS 0x000000071d200000| PB 0x000000071d000000| Untracked |  0
| 159|0x000000071d200000, 0x000000071d400000, 0x000000071d400000|100%| O|  |TAMS 0x000000071d400000| PB 0x000000071d200000| Untracked |  0
| 160|0x000000071d400000, 0x000000071d600000, 0x000000071d600000|100%| O|  |TAMS 0x000000071d600000| PB 0x000000071d400000| Untracked |  0
| 161|0x000000071d600000, 0x000000071d800000, 0x000000071d800000|100%| O|  |TAMS 0x000000071d800000| PB 0x000000071d600000| Untracked |  0
| 162|0x000000071d800000, 0x000000071da00000, 0x000000071da00000|100%| O|  |TAMS 0x000000071da00000| PB 0x000000071d800000| Untracked |  0
| 163|0x000000071da00000, 0x000000071dc00000, 0x000000071dc00000|100%| O|  |TAMS 0x000000071dc00000| PB 0x000000071da00000| Untracked |  0
| 164|0x000000071dc00000, 0x000000071de00000, 0x000000071de00000|100%| O|  |TAMS 0x000000071de00000| PB 0x000000071dc00000| Untracked |  0
| 165|0x000000071de00000, 0x000000071e000000, 0x000000071e000000|100%| O|  |TAMS 0x000000071e000000| PB 0x000000071de00000| Untracked |  0
| 166|0x000000071e000000, 0x000000071e200000, 0x000000071e200000|100%| O|  |TAMS 0x000000071e100000| PB 0x000000071e000000| Untracked |  0
| 167|0x000000071e200000, 0x000000071e300000, 0x000000071e400000| 50%| O|  |TAMS 0x000000071e200000| PB 0x000000071e200000| Untracked |  0
| 168|0x000000071e400000, 0x000000071e400000, 0x000000071e600000|  0%| F|  |TAMS 0x000000071e400000| PB 0x000000071e400000| Untracked |  0
| 169|0x000000071e600000, 0x000000071e600000, 0x000000071e800000|  0%| F|  |TAMS 0x000000071e600000| PB 0x000000071e600000| Untracked |  0
| 170|0x000000071e800000, 0x000000071e800000, 0x000000071ea00000|  0%| F|  |TAMS 0x000000071e800000| PB 0x000000071e800000| Untracked |  0
| 171|0x000000071ea00000, 0x000000071ea00000, 0x000000071ec00000|  0%| F|  |TAMS 0x000000071ea00000| PB 0x000000071ea00000| Untracked |  0
| 172|0x000000071ec00000, 0x000000071ec00000, 0x000000071ee00000|  0%| F|  |TAMS 0x000000071ec00000| PB 0x000000071ec00000| Untracked |  0
| 173|0x000000071ee00000, 0x000000071ee00000, 0x000000071f000000|  0%| F|  |TAMS 0x000000071ee00000| PB 0x000000071ee00000| Untracked |  0
| 174|0x000000071f000000, 0x000000071f000000, 0x000000071f200000|  0%| F|  |TAMS 0x000000071f000000| PB 0x000000071f000000| Untracked |  0
| 175|0x000000071f200000, 0x000000071f200000, 0x000000071f400000|  0%| F|  |TAMS 0x000000071f200000| PB 0x000000071f200000| Untracked |  0
| 176|0x000000071f400000, 0x000000071f400000, 0x000000071f600000|  0%| F|  |TAMS 0x000000071f400000| PB 0x000000071f400000| Untracked |  0
| 177|0x000000071f600000, 0x000000071f600000, 0x000000071f800000|  0%| F|  |TAMS 0x000000071f600000| PB 0x000000071f600000| Untracked |  0
| 178|0x000000071f800000, 0x000000071f800000, 0x000000071fa00000|  0%| F|  |TAMS 0x000000071f800000| PB 0x000000071f800000| Untracked |  0
| 179|0x000000071fa00000, 0x000000071fa00000, 0x000000071fc00000|  0%| F|  |TAMS 0x000000071fa00000| PB 0x000000071fa00000| Untracked |  0
| 180|0x000000071fc00000, 0x000000071fc00000, 0x000000071fe00000|  0%| F|  |TAMS 0x000000071fc00000| PB 0x000000071fc00000| Untracked |  0
| 181|0x000000071fe00000, 0x000000071fe00000, 0x0000000720000000|  0%| F|  |TAMS 0x000000071fe00000| PB 0x000000071fe00000| Untracked |  0
| 182|0x0000000720000000, 0x0000000720000000, 0x0000000720200000|  0%| F|  |TAMS 0x0000000720000000| PB 0x0000000720000000| Untracked |  0
| 183|0x0000000720200000, 0x0000000720200000, 0x0000000720400000|  0%| F|  |TAMS 0x0000000720200000| PB 0x0000000720200000| Untracked |  0
| 184|0x0000000720400000, 0x0000000720400000, 0x0000000720600000|  0%| F|  |TAMS 0x0000000720400000| PB 0x0000000720400000| Untracked |  0
| 185|0x0000000720600000, 0x0000000720600000, 0x0000000720800000|  0%| F|  |TAMS 0x0000000720600000| PB 0x0000000720600000| Untracked |  0
| 186|0x0000000720800000, 0x0000000720800000, 0x0000000720a00000|  0%| F|  |TAMS 0x0000000720800000| PB 0x0000000720800000| Untracked |  0
| 187|0x0000000720a00000, 0x0000000720a00000, 0x0000000720c00000|  0%| F|  |TAMS 0x0000000720a00000| PB 0x0000000720a00000| Untracked |  0
| 188|0x0000000720c00000, 0x0000000720c00000, 0x0000000720e00000|  0%| F|  |TAMS 0x0000000720c00000| PB 0x0000000720c00000| Untracked |  0
| 189|0x0000000720e00000, 0x0000000720e00000, 0x0000000721000000|  0%| F|  |TAMS 0x0000000720e00000| PB 0x0000000720e00000| Untracked |  0
| 190|0x0000000721000000, 0x0000000721000000, 0x0000000721200000|  0%| F|  |TAMS 0x0000000721000000| PB 0x0000000721000000| Untracked |  0
| 191|0x0000000721200000, 0x0000000721200000, 0x0000000721400000|  0%| F|  |TAMS 0x0000000721200000| PB 0x0000000721200000| Untracked |  0
| 192|0x0000000721400000, 0x0000000721400000, 0x0000000721600000|  0%| F|  |TAMS 0x0000000721400000| PB 0x0000000721400000| Untracked |  0
| 193|0x0000000721600000, 0x0000000721600000, 0x0000000721800000|  0%| F|  |TAMS 0x0000000721600000| PB 0x0000000721600000| Untracked |  0
| 194|0x0000000721800000, 0x0000000721800000, 0x0000000721a00000|  0%| F|  |TAMS 0x0000000721800000| PB 0x0000000721800000| Untracked |  0
| 195|0x0000000721a00000, 0x0000000721a00000, 0x0000000721c00000|  0%| F|  |TAMS 0x0000000721a00000| PB 0x0000000721a00000| Untracked |  0
| 196|0x0000000721c00000, 0x0000000721c00000, 0x0000000721e00000|  0%| F|  |TAMS 0x0000000721c00000| PB 0x0000000721c00000| Untracked |  0
| 197|0x0000000721e00000, 0x0000000721e00000, 0x0000000722000000|  0%| F|  |TAMS 0x0000000721e00000| PB 0x0000000721e00000| Untracked |  0
| 198|0x0000000722000000, 0x0000000722000000, 0x0000000722200000|  0%| F|  |TAMS 0x0000000722000000| PB 0x0000000722000000| Untracked |  0
| 199|0x0000000722200000, 0x0000000722200000, 0x0000000722400000|  0%| F|  |TAMS 0x0000000722200000| PB 0x0000000722200000| Untracked |  0
| 200|0x0000000722400000, 0x0000000722400000, 0x0000000722600000|  0%| F|  |TAMS 0x0000000722400000| PB 0x0000000722400000| Untracked |  0
| 201|0x0000000722600000, 0x0000000722600000, 0x0000000722800000|  0%| F|  |TAMS 0x0000000722600000| PB 0x0000000722600000| Untracked |  0
| 202|0x0000000722800000, 0x0000000722800000, 0x0000000722a00000|  0%| F|  |TAMS 0x0000000722800000| PB 0x0000000722800000| Untracked |  0
| 203|0x0000000722a00000, 0x0000000722a00000, 0x0000000722c00000|  0%| F|  |TAMS 0x0000000722a00000| PB 0x0000000722a00000| Untracked |  0
| 204|0x0000000722c00000, 0x0000000722c00000, 0x0000000722e00000|  0%| F|  |TAMS 0x0000000722c00000| PB 0x0000000722c00000| Untracked |  0
| 205|0x0000000722e00000, 0x0000000722e00000, 0x0000000723000000|  0%| F|  |TAMS 0x0000000722e00000| PB 0x0000000722e00000| Untracked |  0
| 206|0x0000000723000000, 0x0000000723000000, 0x0000000723200000|  0%| F|  |TAMS 0x0000000723000000| PB 0x0000000723000000| Untracked |  0
| 207|0x0000000723200000, 0x0000000723200000, 0x0000000723400000|  0%| F|  |TAMS 0x0000000723200000| PB 0x0000000723200000| Untracked |  0
| 208|0x0000000723400000, 0x0000000723400000, 0x0000000723600000|  0%| F|  |TAMS 0x0000000723400000| PB 0x0000000723400000| Untracked |  0
| 209|0x0000000723600000, 0x0000000723600000, 0x0000000723800000|  0%| F|  |TAMS 0x0000000723600000| PB 0x0000000723600000| Untracked |  0
| 210|0x0000000723800000, 0x0000000723800000, 0x0000000723a00000|  0%| F|  |TAMS 0x0000000723800000| PB 0x0000000723800000| Untracked |  0
| 211|0x0000000723a00000, 0x0000000723a00000, 0x0000000723c00000|  0%| F|  |TAMS 0x0000000723a00000| PB 0x0000000723a00000| Untracked |  0
| 212|0x0000000723c00000, 0x0000000723c00000, 0x0000000723e00000|  0%| F|  |TAMS 0x0000000723c00000| PB 0x0000000723c00000| Untracked |  0
| 213|0x0000000723e00000, 0x0000000723e00000, 0x0000000724000000|  0%| F|  |TAMS 0x0000000723e00000| PB 0x0000000723e00000| Untracked |  0
| 214|0x0000000724000000, 0x0000000724000000, 0x0000000724200000|  0%| F|  |TAMS 0x0000000724000000| PB 0x0000000724000000| Untracked |  0
| 215|0x0000000724200000, 0x0000000724200000, 0x0000000724400000|  0%| F|  |TAMS 0x0000000724200000| PB 0x0000000724200000| Untracked |  0
| 216|0x0000000724400000, 0x0000000724400000, 0x0000000724600000|  0%| F|  |TAMS 0x0000000724400000| PB 0x0000000724400000| Untracked |  0
| 217|0x0000000724600000, 0x0000000724600000, 0x0000000724800000|  0%| F|  |TAMS 0x0000000724600000| PB 0x0000000724600000| Untracked |  0
| 218|0x0000000724800000, 0x0000000724800000, 0x0000000724a00000|  0%| F|  |TAMS 0x0000000724800000| PB 0x0000000724800000| Untracked |  0
| 219|0x0000000724a00000, 0x0000000724a00000, 0x0000000724c00000|  0%| F|  |TAMS 0x0000000724a00000| PB 0x0000000724a00000| Untracked |  0
| 220|0x0000000724c00000, 0x0000000724c00000, 0x0000000724e00000|  0%| F|  |TAMS 0x0000000724c00000| PB 0x0000000724c00000| Untracked |  0
| 221|0x0000000724e00000, 0x0000000724e00000, 0x0000000725000000|  0%| F|  |TAMS 0x0000000724e00000| PB 0x0000000724e00000| Untracked |  0
| 222|0x0000000725000000, 0x0000000725000000, 0x0000000725200000|  0%| F|  |TAMS 0x0000000725000000| PB 0x0000000725000000| Untracked |  0
| 223|0x0000000725200000, 0x0000000725200000, 0x0000000725400000|  0%| F|  |TAMS 0x0000000725200000| PB 0x0000000725200000| Untracked |  0
| 224|0x0000000725400000, 0x0000000725600000, 0x0000000725600000|100%| S|CS|TAMS 0x0000000725400000| PB 0x0000000725400000| Complete |  0
| 225|0x0000000725600000, 0x0000000725800000, 0x0000000725800000|100%| S|CS|TAMS 0x0000000725600000| PB 0x0000000725600000| Complete |  0
| 226|0x0000000725800000, 0x0000000725a00000, 0x0000000725a00000|100%| S|CS|TAMS 0x0000000725800000| PB 0x0000000725800000| Complete |  0
| 227|0x0000000725a00000, 0x0000000725c00000, 0x0000000725c00000|100%| S|CS|TAMS 0x0000000725a00000| PB 0x0000000725a00000| Complete |  0
| 228|0x0000000725c00000, 0x0000000725e00000, 0x0000000725e00000|100%| S|CS|TAMS 0x0000000725c00000| PB 0x0000000725c00000| Complete |  0
| 229|0x0000000725e00000, 0x0000000726000000, 0x0000000726000000|100%| S|CS|TAMS 0x0000000725e00000| PB 0x0000000725e00000| Complete |  0
| 230|0x0000000726000000, 0x0000000726200000, 0x0000000726200000|100%| S|CS|TAMS 0x0000000726000000| PB 0x0000000726000000| Complete |  0
| 231|0x0000000726200000, 0x0000000726400000, 0x0000000726400000|100%| S|CS|TAMS 0x0000000726200000| PB 0x0000000726200000| Complete |  0
| 232|0x0000000726400000, 0x0000000726600000, 0x0000000726600000|100%| S|CS|TAMS 0x0000000726400000| PB 0x0000000726400000| Complete |  0
| 233|0x0000000726600000, 0x0000000726800000, 0x0000000726800000|100%| S|CS|TAMS 0x0000000726600000| PB 0x0000000726600000| Complete |  0
| 234|0x0000000726800000, 0x0000000726a00000, 0x0000000726a00000|100%| S|CS|TAMS 0x0000000726800000| PB 0x0000000726800000| Complete |  0
| 235|0x0000000726a00000, 0x0000000726c00000, 0x0000000726c00000|100%| S|CS|TAMS 0x0000000726a00000| PB 0x0000000726a00000| Complete |  0
| 236|0x0000000726c00000, 0x0000000726e00000, 0x0000000726e00000|100%| S|CS|TAMS 0x0000000726c00000| PB 0x0000000726c00000| Complete |  0
| 237|0x0000000726e00000, 0x0000000727000000, 0x0000000727000000|100%| S|CS|TAMS 0x0000000726e00000| PB 0x0000000726e00000| Complete |  0
| 238|0x0000000727000000, 0x0000000727000000, 0x0000000727200000|  0%| F|  |TAMS 0x0000000727000000| PB 0x0000000727000000| Untracked |  0
| 239|0x0000000727200000, 0x0000000727200000, 0x0000000727400000|  0%| F|  |TAMS 0x0000000727200000| PB 0x0000000727200000| Untracked |  0
| 240|0x0000000727400000, 0x0000000727400000, 0x0000000727600000|  0%| F|  |TAMS 0x0000000727400000| PB 0x0000000727400000| Untracked |  0
| 241|0x0000000727600000, 0x0000000727600000, 0x0000000727800000|  0%| F|  |TAMS 0x0000000727600000| PB 0x0000000727600000| Untracked |  0
| 242|0x0000000727800000, 0x0000000727800000, 0x0000000727a00000|  0%| F|  |TAMS 0x0000000727800000| PB 0x0000000727800000| Untracked |  0
| 243|0x0000000727a00000, 0x0000000727a00000, 0x0000000727c00000|  0%| F|  |TAMS 0x0000000727a00000| PB 0x0000000727a00000| Untracked |  0
| 244|0x0000000727c00000, 0x0000000727c00000, 0x0000000727e00000|  0%| F|  |TAMS 0x0000000727c00000| PB 0x0000000727c00000| Untracked |  0
| 245|0x0000000727e00000, 0x0000000727e00000, 0x0000000728000000|  0%| F|  |TAMS 0x0000000727e00000| PB 0x0000000727e00000| Untracked |  0
| 246|0x0000000728000000, 0x0000000728000000, 0x0000000728200000|  0%| F|  |TAMS 0x0000000728000000| PB 0x0000000728000000| Untracked |  0
| 247|0x0000000728200000, 0x0000000728200000, 0x0000000728400000|  0%| F|  |TAMS 0x0000000728200000| PB 0x0000000728200000| Untracked |  0
| 248|0x0000000728400000, 0x0000000728400000, 0x0000000728600000|  0%| F|  |TAMS 0x0000000728400000| PB 0x0000000728400000| Untracked |  0
| 249|0x0000000728600000, 0x0000000728600000, 0x0000000728800000|  0%| F|  |TAMS 0x0000000728600000| PB 0x0000000728600000| Untracked |  0
| 250|0x0000000728800000, 0x0000000728800000, 0x0000000728a00000|  0%| F|  |TAMS 0x0000000728800000| PB 0x0000000728800000| Untracked |  0
| 251|0x0000000728a00000, 0x0000000728a00000, 0x0000000728c00000|  0%| F|  |TAMS 0x0000000728a00000| PB 0x0000000728a00000| Untracked |  0
| 252|0x0000000728c00000, 0x0000000728c00000, 0x0000000728e00000|  0%| F|  |TAMS 0x0000000728c00000| PB 0x0000000728c00000| Untracked |  0
| 253|0x0000000728e00000, 0x0000000728e00000, 0x0000000729000000|  0%| F|  |TAMS 0x0000000728e00000| PB 0x0000000728e00000| Untracked |  0
| 254|0x0000000729000000, 0x0000000729000000, 0x0000000729200000|  0%| F|  |TAMS 0x0000000729000000| PB 0x0000000729000000| Untracked |  0
| 255|0x0000000729200000, 0x0000000729200000, 0x0000000729400000|  0%| F|  |TAMS 0x0000000729200000| PB 0x0000000729200000| Untracked |  0
| 256|0x0000000729400000, 0x0000000729400000, 0x0000000729600000|  0%| F|  |TAMS 0x0000000729400000| PB 0x0000000729400000| Untracked |  0
| 257|0x0000000729600000, 0x0000000729600000, 0x0000000729800000|  0%| F|  |TAMS 0x0000000729600000| PB 0x0000000729600000| Untracked |  0
| 258|0x0000000729800000, 0x0000000729800000, 0x0000000729a00000|  0%| F|  |TAMS 0x0000000729800000| PB 0x0000000729800000| Untracked |  0
| 259|0x0000000729a00000, 0x0000000729a00000, 0x0000000729c00000|  0%| F|  |TAMS 0x0000000729a00000| PB 0x0000000729a00000| Untracked |  0
| 260|0x0000000729c00000, 0x0000000729c00000, 0x0000000729e00000|  0%| F|  |TAMS 0x0000000729c00000| PB 0x0000000729c00000| Untracked |  0
| 261|0x0000000729e00000, 0x0000000729e00000, 0x000000072a000000|  0%| F|  |TAMS 0x0000000729e00000| PB 0x0000000729e00000| Untracked |  0
| 262|0x000000072a000000, 0x000000072a000000, 0x000000072a200000|  0%| F|  |TAMS 0x000000072a000000| PB 0x000000072a000000| Untracked |  0
| 263|0x000000072a200000, 0x000000072a200000, 0x000000072a400000|  0%| F|  |TAMS 0x000000072a200000| PB 0x000000072a200000| Untracked |  0
| 264|0x000000072a400000, 0x000000072a400000, 0x000000072a600000|  0%| F|  |TAMS 0x000000072a400000| PB 0x000000072a400000| Untracked |  0
| 265|0x000000072a600000, 0x000000072a600000, 0x000000072a800000|  0%| F|  |TAMS 0x000000072a600000| PB 0x000000072a600000| Untracked |  0
| 266|0x000000072a800000, 0x000000072a800000, 0x000000072aa00000|  0%| F|  |TAMS 0x000000072a800000| PB 0x000000072a800000| Untracked |  0
| 267|0x000000072aa00000, 0x000000072aa00000, 0x000000072ac00000|  0%| F|  |TAMS 0x000000072aa00000| PB 0x000000072aa00000| Untracked |  0
| 268|0x000000072ac00000, 0x000000072ac00000, 0x000000072ae00000|  0%| F|  |TAMS 0x000000072ac00000| PB 0x000000072ac00000| Untracked |  0
| 269|0x000000072ae00000, 0x000000072ae00000, 0x000000072b000000|  0%| F|  |TAMS 0x000000072ae00000| PB 0x000000072ae00000| Untracked |  0
| 270|0x000000072b000000, 0x000000072b000000, 0x000000072b200000|  0%| F|  |TAMS 0x000000072b000000| PB 0x000000072b000000| Untracked |  0
| 271|0x000000072b200000, 0x000000072b200000, 0x000000072b400000|  0%| F|  |TAMS 0x000000072b200000| PB 0x000000072b200000| Untracked |  0
| 272|0x000000072b400000, 0x000000072b400000, 0x000000072b600000|  0%| F|  |TAMS 0x000000072b400000| PB 0x000000072b400000| Untracked |  0
| 273|0x000000072b600000, 0x000000072b600000, 0x000000072b800000|  0%| F|  |TAMS 0x000000072b600000| PB 0x000000072b600000| Untracked |  0
| 274|0x000000072b800000, 0x000000072b800000, 0x000000072ba00000|  0%| F|  |TAMS 0x000000072b800000| PB 0x000000072b800000| Untracked |  0
| 275|0x000000072ba00000, 0x000000072ba00000, 0x000000072bc00000|  0%| F|  |TAMS 0x000000072ba00000| PB 0x000000072ba00000| Untracked |  0
| 276|0x000000072bc00000, 0x000000072bc00000, 0x000000072be00000|  0%| F|  |TAMS 0x000000072bc00000| PB 0x000000072bc00000| Untracked |  0
| 277|0x000000072be00000, 0x000000072be00000, 0x000000072c000000|  0%| F|  |TAMS 0x000000072be00000| PB 0x000000072be00000| Untracked |  0
| 278|0x000000072c000000, 0x000000072c000000, 0x000000072c200000|  0%| F|  |TAMS 0x000000072c000000| PB 0x000000072c000000| Untracked |  0
| 279|0x000000072c200000, 0x000000072c200000, 0x000000072c400000|  0%| F|  |TAMS 0x000000072c200000| PB 0x000000072c200000| Untracked |  0
| 280|0x000000072c400000, 0x000000072c400000, 0x000000072c600000|  0%| F|  |TAMS 0x000000072c400000| PB 0x000000072c400000| Untracked |  0
| 281|0x000000072c600000, 0x000000072c600000, 0x000000072c800000|  0%| F|  |TAMS 0x000000072c600000| PB 0x000000072c600000| Untracked |  0
| 282|0x000000072c800000, 0x000000072c800000, 0x000000072ca00000|  0%| F|  |TAMS 0x000000072c800000| PB 0x000000072c800000| Untracked |  0
| 283|0x000000072ca00000, 0x000000072ca00000, 0x000000072cc00000|  0%| F|  |TAMS 0x000000072ca00000| PB 0x000000072ca00000| Untracked |  0
| 284|0x000000072cc00000, 0x000000072cc00000, 0x000000072ce00000|  0%| F|  |TAMS 0x000000072cc00000| PB 0x000000072cc00000| Untracked |  0
| 285|0x000000072ce00000, 0x000000072ce00000, 0x000000072d000000|  0%| F|  |TAMS 0x000000072ce00000| PB 0x000000072ce00000| Untracked |  0
| 286|0x000000072d000000, 0x000000072d000000, 0x000000072d200000|  0%| F|  |TAMS 0x000000072d000000| PB 0x000000072d000000| Untracked |  0
| 287|0x000000072d200000, 0x000000072d200000, 0x000000072d400000|  0%| F|  |TAMS 0x000000072d200000| PB 0x000000072d200000| Untracked |  0
| 288|0x000000072d400000, 0x000000072d400000, 0x000000072d600000|  0%| F|  |TAMS 0x000000072d400000| PB 0x000000072d400000| Untracked |  0
| 289|0x000000072d600000, 0x000000072d600000, 0x000000072d800000|  0%| F|  |TAMS 0x000000072d600000| PB 0x000000072d600000| Untracked |  0
| 290|0x000000072d800000, 0x000000072d800000, 0x000000072da00000|  0%| F|  |TAMS 0x000000072d800000| PB 0x000000072d800000| Untracked |  0
| 291|0x000000072da00000, 0x000000072da00000, 0x000000072dc00000|  0%| F|  |TAMS 0x000000072da00000| PB 0x000000072da00000| Untracked |  0
| 292|0x000000072dc00000, 0x000000072dc00000, 0x000000072de00000|  0%| F|  |TAMS 0x000000072dc00000| PB 0x000000072dc00000| Untracked |  0
| 293|0x000000072de00000, 0x000000072de00000, 0x000000072e000000|  0%| F|  |TAMS 0x000000072de00000| PB 0x000000072de00000| Untracked |  0
| 294|0x000000072e000000, 0x000000072e000000, 0x000000072e200000|  0%| F|  |TAMS 0x000000072e000000| PB 0x000000072e000000| Untracked |  0
| 295|0x000000072e200000, 0x000000072e200000, 0x000000072e400000|  0%| F|  |TAMS 0x000000072e200000| PB 0x000000072e200000| Untracked |  0
| 296|0x000000072e400000, 0x000000072e400000, 0x000000072e600000|  0%| F|  |TAMS 0x000000072e400000| PB 0x000000072e400000| Untracked |  0
| 297|0x000000072e600000, 0x000000072e600000, 0x000000072e800000|  0%| F|  |TAMS 0x000000072e600000| PB 0x000000072e600000| Untracked |  0
| 298|0x000000072e800000, 0x000000072e800000, 0x000000072ea00000|  0%| F|  |TAMS 0x000000072e800000| PB 0x000000072e800000| Untracked |  0
| 299|0x000000072ea00000, 0x000000072ea00000, 0x000000072ec00000|  0%| F|  |TAMS 0x000000072ea00000| PB 0x000000072ea00000| Untracked |  0
| 300|0x000000072ec00000, 0x000000072ec00000, 0x000000072ee00000|  0%| F|  |TAMS 0x000000072ec00000| PB 0x000000072ec00000| Untracked |  0
| 301|0x000000072ee00000, 0x000000072ee00000, 0x000000072f000000|  0%| F|  |TAMS 0x000000072ee00000| PB 0x000000072ee00000| Untracked |  0
| 302|0x000000072f000000, 0x000000072f000000, 0x000000072f200000|  0%| F|  |TAMS 0x000000072f000000| PB 0x000000072f000000| Untracked |  0
| 303|0x000000072f200000, 0x000000072f200000, 0x000000072f400000|  0%| F|  |TAMS 0x000000072f200000| PB 0x000000072f200000| Untracked |  0
| 304|0x000000072f400000, 0x000000072f400000, 0x000000072f600000|  0%| F|  |TAMS 0x000000072f400000| PB 0x000000072f400000| Untracked |  0
| 305|0x000000072f600000, 0x000000072f600000, 0x000000072f800000|  0%| F|  |TAMS 0x000000072f600000| PB 0x000000072f600000| Untracked |  0
| 306|0x000000072f800000, 0x000000072f800000, 0x000000072fa00000|  0%| F|  |TAMS 0x000000072f800000| PB 0x000000072f800000| Untracked |  0
| 307|0x000000072fa00000, 0x000000072fa00000, 0x000000072fc00000|  0%| F|  |TAMS 0x000000072fa00000| PB 0x000000072fa00000| Untracked |  0
| 308|0x000000072fc00000, 0x000000072fc00000, 0x000000072fe00000|  0%| F|  |TAMS 0x000000072fc00000| PB 0x000000072fc00000| Untracked |  0
| 309|0x000000072fe00000, 0x000000072fe00000, 0x0000000730000000|  0%| F|  |TAMS 0x000000072fe00000| PB 0x000000072fe00000| Untracked |  0
| 310|0x0000000730000000, 0x0000000730000000, 0x0000000730200000|  0%| F|  |TAMS 0x0000000730000000| PB 0x0000000730000000| Untracked |  0
| 311|0x0000000730200000, 0x0000000730200000, 0x0000000730400000|  0%| F|  |TAMS 0x0000000730200000| PB 0x0000000730200000| Untracked |  0
| 312|0x0000000730400000, 0x0000000730400000, 0x0000000730600000|  0%| F|  |TAMS 0x0000000730400000| PB 0x0000000730400000| Untracked |  0
| 313|0x0000000730600000, 0x0000000730600000, 0x0000000730800000|  0%| F|  |TAMS 0x0000000730600000| PB 0x0000000730600000| Untracked |  0
| 314|0x0000000730800000, 0x0000000730800000, 0x0000000730a00000|  0%| F|  |TAMS 0x0000000730800000| PB 0x0000000730800000| Untracked |  0
| 315|0x0000000730a00000, 0x0000000730a00000, 0x0000000730c00000|  0%| F|  |TAMS 0x0000000730a00000| PB 0x0000000730a00000| Untracked |  0
| 316|0x0000000730c00000, 0x0000000730c00000, 0x0000000730e00000|  0%| F|  |TAMS 0x0000000730c00000| PB 0x0000000730c00000| Untracked |  0
| 317|0x0000000730e00000, 0x0000000730e00000, 0x0000000731000000|  0%| F|  |TAMS 0x0000000730e00000| PB 0x0000000730e00000| Untracked |  0
| 318|0x0000000731000000, 0x0000000731000000, 0x0000000731200000|  0%| F|  |TAMS 0x0000000731000000| PB 0x0000000731000000| Untracked |  0
| 319|0x0000000731200000, 0x0000000731200000, 0x0000000731400000|  0%| F|  |TAMS 0x0000000731200000| PB 0x0000000731200000| Untracked |  0
| 320|0x0000000731400000, 0x0000000731400000, 0x0000000731600000|  0%| F|  |TAMS 0x0000000731400000| PB 0x0000000731400000| Untracked |  0
| 321|0x0000000731600000, 0x0000000731600000, 0x0000000731800000|  0%| F|  |TAMS 0x0000000731600000| PB 0x0000000731600000| Untracked |  0
| 322|0x0000000731800000, 0x0000000731800000, 0x0000000731a00000|  0%| F|  |TAMS 0x0000000731800000| PB 0x0000000731800000| Untracked |  0
| 323|0x0000000731a00000, 0x0000000731a00000, 0x0000000731c00000|  0%| F|  |TAMS 0x0000000731a00000| PB 0x0000000731a00000| Untracked |  0
|1968|0x00000007ff400000, 0x00000007ff400000, 0x00000007ff600000|  0%| F|  |TAMS 0x00000007ff400000| PB 0x00000007ff400000| Untracked |  0
|1969|0x00000007ff600000, 0x00000007ff600000, 0x00000007ff800000|  0%| F|  |TAMS 0x00000007ff600000| PB 0x00000007ff600000| Untracked |  0
|1970|0x00000007ff800000, 0x00000007ff800000, 0x00000007ffa00000|  0%| F|  |TAMS 0x00000007ff800000| PB 0x00000007ff800000| Untracked |  0
|1971|0x00000007ffa00000, 0x00000007ffa00000, 0x00000007ffc00000|  0%| F|  |TAMS 0x00000007ffa00000| PB 0x00000007ffa00000| Untracked |  0
|1972|0x00000007ffc00000, 0x00000007ffc00000, 0x00000007ffe00000|  0%| F|  |TAMS 0x00000007ffc00000| PB 0x00000007ffc00000| Untracked |  0
|1973|0x00000007ffe00000, 0x00000007ffe00000, 0x0000000800000000|  0%| F|  |TAMS 0x00000007ffe00000| PB 0x00000007ffe00000| Untracked |  0

Card table byte_map: [0x0000015b58e70000,0x0000015b59630000] _byte_map_base: 0x0000015b55626000

Marking Bits: (CMBitMap*) 0x0000015b40619e10
 Bits: [0x0000015b59630000, 0x0000015b5d3e0000)

Polling page: 0x0000015b3e0d0000

Metaspace:
Metaspace        used 102091K, committed 102912K, reserved 1179648K
 class space     used 11533K, committed 11904K, reserved 1048576K

Usage:
  Non-class:     88.43 MB used.
      Class:     11.26 MB used.
       Both:     99.70 MB used.

Virtual space:
  Non-class space:      128.00 MB reserved,      88.88 MB ( 69%) committed,  2 nodes.
      Class space:        1.00 GB reserved,      11.62 MB (  1%) committed,  1 nodes.
             Both:        1.12 GB reserved,     100.50 MB (  9%) committed. 

Chunk freelists:
   Non-Class:  7.05 MB
       Class:  4.43 MB
        Both:  11.48 MB

MaxMetaspaceSize: unlimited
CompressedClassSpaceSize: 1.00 GB
Initial GC threshold: 21.00 MB
Current GC threshold: 158.88 MB
CDS: on
 - commit_granule_bytes: 65536.
 - commit_granule_words: 8192.
 - virtual_space_node_default_size: 8388608.
 - enlarge_chunks_in_place: 1.
UseCompressedClassPointers 1, UseCompactObjectHeaders 0
Narrow klass pointer bits 32, Max shift 3
Narrow klass base: 0x0000000083000000, Narrow klass shift: 0
Encoding Range: [0x0000000083000000 - 0x0000000183000000), (4294967296 bytes)
Klass Range:    [0x0000000083010000 - 0x00000000c4000000), (1090453504 bytes)
Klass ID Range:  [65536 - 1090519033) (1090453497)
Protection zone: [0x0000000083000000 - 0x0000000083010000), (65536 bytes)


Internal statistics:

num_allocs_failed_limit: 14.
num_arena_births: 1078.
num_arena_deaths: 0.
num_vsnodes_births: 3.
num_vsnodes_deaths: 0.
num_space_committed: 1608.
num_space_uncommitted: 0.
num_chunks_returned_to_freelist: 14.
num_chunks_taken_from_freelist: 4757.
num_chunk_merges: 11.
num_chunk_splits: 3517.
num_chunks_enlarged: 2911.
num_inconsistent_stats: 0.

CodeHeap 'non-profiled nmethods': size=119232Kb used=5808Kb max_used=5995Kb free=113423Kb
 bounds [0x0000015b509c0000, 0x0000015b50fa0000, 0x0000015b57e30000]
CodeHeap 'profiled nmethods': size=119104Kb used=20785Kb max_used=20785Kb free=98318Kb
 bounds [0x0000015b48e30000, 0x0000015b4a280000, 0x0000015b50280000]
CodeHeap 'non-nmethods': size=7424Kb used=3406Kb max_used=3509Kb free=4017Kb
 bounds [0x0000015b50280000, 0x0000015b50600000, 0x0000015b509c0000]
CodeCache: size=245760Kb, used=29999Kb, max_used=30289Kb, free=215758Kb
 total_blobs=14182, nmethods=13351, adapters=727, full_count=0
Compilation: enabled, stopped_count=0, restarted_count=0

Compilation events (20 events):
Event: 32.056 Thread 0x0000015b67e7e0e0 16580       3       org.hibernate.tuple.AbstractAttribute::<init> (15 bytes)
Event: 32.057 Thread 0x0000015b67e7e0e0 nmethod 16580 0x0000015b4a276188 code [0x0000015b4a276280, 0x0000015b4a2764b0]
Event: 32.057 Thread 0x0000015b67e71f60 16581       3       org.hibernate.metamodel.internal.EntityRepresentationStrategyPojoStandard::makePropertyAccess (188 bytes)
Event: 32.057 Thread 0x0000015b67e747b0 16582       3       org.hibernate.mapping.Value::getType (187 bytes)
Event: 32.057 Thread 0x0000015b5fe16020 16583       4       java.util.ArrayList$ArrayListSpliterator::forEachRemaining (127 bytes)
Event: 32.058 Thread 0x0000015b67e747b0 nmethod 16582 0x0000015b4a276508 code [0x0000015b4a276600, 0x0000015b4a277a60]
Event: 32.058 Thread 0x0000015b67e747b0 16584       3       org.hibernate.mapping.Column::getReadExpr (20 bytes)
Event: 32.059 Thread 0x0000015b5fe3ae40 16585       3       org.h2.util.Utils::parseBoolean (161 bytes)
Event: 32.059 Thread 0x0000015b67e747b0 nmethod 16584 0x0000015b4a277a88 code [0x0000015b4a277b80, 0x0000015b4a2782b8]
Event: 32.059 Thread 0x0000015b67e71f60 nmethod 16581 0x0000015b4a278308 code [0x0000015b4a278400, 0x0000015b4a27b020]
Event: 32.060 Thread 0x0000015b67e747b0 16586       3       org.h2.command.Prepared::<init> (26 bytes)
Event: 32.060 Thread 0x0000015b67e71f60 16587       1       org.hibernate.engine.jdbc.internal.JdbcServicesImpl::getParameterMarkerStrategy (5 bytes)
Event: 32.060 Thread 0x0000015b5fe3ae40 nmethod 16585 0x0000015b4a27b088 code [0x0000015b4a27b180, 0x0000015b4a27c058]
Event: 32.060 Thread 0x0000015b67e71f60 nmethod 16587 0x0000015b50c3b688 code [0x0000015b50c3b780, 0x0000015b50c3b848]
Event: 32.060 Thread 0x0000015b67e747b0 nmethod 16586 0x0000015b4a27c088 code [0x0000015b4a27c180, 0x0000015b4a27c770]
Event: 32.061 Thread 0x0000015b67e71f60 16588       1       org.hibernate.persister.entity.SingleTableEntityPersister::getPropertyTableNumbers (5 bytes)
Event: 32.061 Thread 0x0000015b67e71f60 nmethod 16588 0x0000015b50c3b388 code [0x0000015b50c3b480, 0x0000015b50c3b550]
Event: 32.062 Thread 0x0000015b67e7e0e0 16589       1       org.hibernate.metamodel.mapping.internal.SimpleAttributeMetadata::getPropertyAccess (5 bytes)
Event: 32.062 Thread 0x0000015b5fe3ae40 16590       3       org.hibernate.metamodel.internal.EntityRepresentationStrategyPojoStandard::resolvePropertyAccess (60 bytes)
Event: 32.062 Thread 0x0000015b67e7e0e0 nmethod 16589 0x0000015b50c3b088 code [0x0000015b50c3b180, 0x0000015b50c3b248]

GC Heap Usage History (20 events):
Event: 25.218 {heap After GC invocations=28 (full 0):
 garbage-first heap   total reserved 4042752K, committed 552960K, used 150295K [0x0000000709400000, 0x0000000800000000)
  region size 2048K, 16 young (32768K), 16 survivors (32768K)
}
Event: 25.927 {heap Before GC invocations=28 (full 0):
 garbage-first heap   total reserved 4042752K, committed 552960K, used 379671K [0x0000000709400000, 0x0000000800000000)
  region size 2048K, 128 young (262144K), 16 survivors (32768K)
}
Event: 25.939 {heap After GC invocations=29 (full 0):
 garbage-first heap   total reserved 4042752K, committed 552960K, used 139593K [0x0000000709400000, 0x0000000800000000)
  region size 2048K, 9 young (18432K), 9 survivors (18432K)
}
Event: 26.095 {heap Before GC invocations=29 (full 0):
 garbage-first heap   total reserved 4042752K, committed 552960K, used 198985K [0x0000000709400000, 0x0000000800000000)
  region size 2048K, 39 young (79872K), 9 survivors (18432K)
}
Event: 26.117 {heap After GC invocations=30 (full 0):
 garbage-first heap   total reserved 4042752K, committed 552960K, used 159791K [0x0000000709400000, 0x0000000800000000)
  region size 2048K, 18 young (36864K), 18 survivors (36864K)
}
Event: 26.909 {heap Before GC invocations=31 (full 0):
 garbage-first heap   total reserved 4042752K, committed 485376K, used 372783K [0x0000000709400000, 0x0000000800000000)
  region size 2048K, 129 young (264192K), 18 survivors (36864K)
}
Event: 26.955 {heap After GC invocations=32 (full 0):
 garbage-first heap   total reserved 4042752K, committed 485376K, used 184367K [0x0000000709400000, 0x0000000800000000)
  region size 2048K, 17 young (34816K), 17 survivors (34816K)
}
Event: 27.403 {heap Before GC invocations=32 (full 0):
 garbage-first heap   total reserved 4042752K, committed 485376K, used 360495K [0x0000000709400000, 0x0000000800000000)
  region size 2048K, 103 young (210944K), 17 survivors (34816K)
}
Event: 27.430 {heap After GC invocations=33 (full 0):
 garbage-first heap   total reserved 4042752K, committed 485376K, used 180537K [0x0000000709400000, 0x0000000800000000)
  region size 2048K, 7 young (14336K), 7 survivors (14336K)
}
Event: 27.694 {heap Before GC invocations=33 (full 0):
 garbage-first heap   total reserved 4042752K, committed 485376K, used 297273K [0x0000000709400000, 0x0000000800000000)
  region size 2048K, 65 young (133120K), 7 survivors (14336K)
}
Event: 27.723 {heap After GC invocations=34 (full 0):
 garbage-first heap   total reserved 4042752K, committed 675840K, used 215087K [0x0000000709400000, 0x0000000800000000)
  region size 2048K, 13 young (26624K), 13 survivors (26624K)
}
Event: 28.515 {heap Before GC invocations=34 (full 0):
 garbage-first heap   total reserved 4042752K, committed 675840K, used 512047K [0x0000000709400000, 0x0000000800000000)
  region size 2048K, 157 young (321536K), 13 survivors (26624K)
}
Event: 28.548 {heap After GC invocations=35 (full 0):
 garbage-first heap   total reserved 4042752K, committed 675840K, used 235905K [0x0000000709400000, 0x0000000800000000)
  region size 2048K, 16 young (32768K), 16 survivors (32768K)
}
Event: 28.684 {heap Before GC invocations=35 (full 0):
 garbage-first heap   total reserved 4042752K, committed 675840K, used 301441K [0x0000000709400000, 0x0000000800000000)
  region size 2048K, 49 young (100352K), 16 survivors (32768K)
}
Event: 28.713 {heap After GC invocations=36 (full 0):
 garbage-first heap   total reserved 4042752K, committed 675840K, used 263701K [0x0000000709400000, 0x0000000800000000)
  region size 2048K, 21 young (43008K), 21 survivors (43008K)
}
Event: 29.296 {heap Before GC invocations=37 (full 0):
 garbage-first heap   total reserved 4042752K, committed 675840K, used 462310K [0x0000000709400000, 0x0000000800000000)
  region size 2048K, 140 young (286720K), 21 survivors (43008K)
}
Event: 29.359 {heap After GC invocations=38 (full 0):
 garbage-first heap   total reserved 4042752K, committed 675840K, used 297911K [0x0000000709400000, 0x0000000800000000)
  region size 2048K, 18 young (36864K), 18 survivors (36864K)
}
Event: 29.810 {heap Before GC invocations=38 (full 0):
 garbage-first heap   total reserved 4042752K, committed 675840K, used 517047K [0x0000000709400000, 0x0000000800000000)
  region size 2048K, 124 young (253952K), 18 survivors (36864K)
}
Event: 29.871 {heap After GC invocations=39 (full 0):
 garbage-first heap   total reserved 4042752K, committed 675840K, used 336896K [0x0000000709400000, 0x0000000800000000)
  region size 2048K, 16 young (32768K), 16 survivors (32768K)
}
Event: 32.062 {heap Before GC invocations=39 (full 0):
 garbage-first heap   total reserved 4042752K, committed 675840K, used 525312K [0x0000000709400000, 0x0000000800000000)
  region size 2048K, 108 young (221184K), 16 survivors (32768K)
}

Metaspace Usage History (20 events):
Event: 25.218 {metaspace After GC invocations=28 (full 0):
 Metaspace       used 95796K, committed 96512K, reserved 1179648K
  class space    used 11016K, committed 11328K, reserved 1048576K
}
Event: 25.927 {metaspace Before GC invocations=28 (full 0):
 Metaspace       used 96250K, committed 96960K, reserved 1179648K
  class space    used 11059K, committed 11392K, reserved 1048576K
}
Event: 25.939 {metaspace After GC invocations=29 (full 0):
 Metaspace       used 96250K, committed 96960K, reserved 1179648K
  class space    used 11059K, committed 11392K, reserved 1048576K
}
Event: 26.095 {metaspace Before GC invocations=29 (full 0):
 Metaspace       used 96252K, committed 96960K, reserved 1179648K
  class space    used 11059K, committed 11392K, reserved 1048576K
}
Event: 26.117 {metaspace After GC invocations=30 (full 0):
 Metaspace       used 96252K, committed 96960K, reserved 1179648K
  class space    used 11059K, committed 11392K, reserved 1048576K
}
Event: 26.909 {metaspace Before GC invocations=31 (full 0):
 Metaspace       used 96744K, committed 97408K, reserved 1179648K
  class space    used 11115K, committed 11392K, reserved 1048576K
}
Event: 26.955 {metaspace After GC invocations=32 (full 0):
 Metaspace       used 96744K, committed 97408K, reserved 1179648K
  class space    used 11115K, committed 11392K, reserved 1048576K
}
Event: 27.403 {metaspace Before GC invocations=32 (full 0):
 Metaspace       used 96893K, committed 97600K, reserved 1179648K
  class space    used 11124K, committed 11456K, reserved 1048576K
}
Event: 27.430 {metaspace After GC invocations=33 (full 0):
 Metaspace       used 96893K, committed 97600K, reserved 1179648K
  class space    used 11124K, committed 11456K, reserved 1048576K
}
Event: 27.694 {metaspace Before GC invocations=33 (full 0):
 Metaspace       used 96893K, committed 97600K, reserved 1179648K
  class space    used 11124K, committed 11456K, reserved 1048576K
}
Event: 27.723 {metaspace After GC invocations=34 (full 0):
 Metaspace       used 96893K, committed 97600K, reserved 1179648K
  class space    used 11124K, committed 11456K, reserved 1048576K
}
Event: 28.515 {metaspace Before GC invocations=34 (full 0):
 Metaspace       used 96894K, committed 97600K, reserved 1179648K
  class space    used 11124K, committed 11456K, reserved 1048576K
}
Event: 28.548 {metaspace After GC invocations=35 (full 0):
 Metaspace       used 96894K, committed 97600K, reserved 1179648K
  class space    used 11124K, committed 11456K, reserved 1048576K
}
Event: 28.684 {metaspace Before GC invocations=35 (full 0):
 Metaspace       used 96894K, committed 97600K, reserved 1179648K
  class space    used 11124K, committed 11456K, reserved 1048576K
}
Event: 28.713 {metaspace After GC invocations=36 (full 0):
 Metaspace       used 96894K, committed 97600K, reserved 1179648K
  class space    used 11124K, committed 11456K, reserved 1048576K
}
Event: 29.296 {metaspace Before GC invocations=37 (full 0):
 Metaspace       used 96894K, committed 97600K, reserved 1179648K
  class space    used 11124K, committed 11456K, reserved 1048576K
}
Event: 29.359 {metaspace After GC invocations=38 (full 0):
 Metaspace       used 96894K, committed 97600K, reserved 1179648K
  class space    used 11124K, committed 11456K, reserved 1048576K
}
Event: 29.810 {metaspace Before GC invocations=38 (full 0):
 Metaspace       used 96894K, committed 97600K, reserved 1179648K
  class space    used 11124K, committed 11456K, reserved 1048576K
}
Event: 29.871 {metaspace After GC invocations=39 (full 0):
 Metaspace       used 96894K, committed 97600K, reserved 1179648K
  class space    used 11124K, committed 11456K, reserved 1048576K
}
Event: 32.062 {metaspace Before GC invocations=39 (full 0):
 Metaspace       used 102091K, committed 102912K, reserved 1179648K
  class space    used 11533K, committed 11904K, reserved 1048576K
}

Dll operation events (13 events):
Event: 0.022 Loaded shared library C:\Program Files\Java\jdk-25\bin\java.dll
Event: 0.086 Loaded shared library C:\Program Files\Java\jdk-25\bin\net.dll
Event: 0.090 Loaded shared library C:\Program Files\Java\jdk-25\bin\nio.dll
Event: 0.096 Loaded shared library C:\Program Files\Java\jdk-25\bin\zip.dll
Event: 0.199 Loaded shared library C:\Program Files\Java\jdk-25\bin\management.dll
Event: 0.202 Loaded shared library C:\Program Files\Java\jdk-25\bin\management_ext.dll
Event: 0.240 Loaded shared library C:\Program Files\Java\jdk-25\bin\jimage.dll
Event: 1.889 Loaded shared library C:\Program Files\Java\jdk-25\bin\verify.dll
Event: 5.530 Loaded shared library C:\Program Files\Java\jdk-25\bin\sunmscapi.dll
Event: 6.666 Loaded shared library C:\Program Files\Java\jdk-25\bin\instrument.dll
Event: 6.668 Loaded shared library C:\Program Files\Java\jdk-25\bin\zip.dll
Event: 6.672 Loaded shared library C:\Program Files\Java\jdk-25\bin\instrument.dll
Event: 14.496 Loaded shared library C:\Program Files\Java\jdk-25\bin\extnet.dll

Deoptimization events (20 events):
Event: 31.758 Thread 0x0000015b3e113a90 Uncommon trap: trap_request=0xffffffd6 fr.pc=0x0000015b50e06898 relative=0x0000000000000698
Event: 31.758 Thread 0x0000015b3e113a90 Uncommon trap: reason=array_check action=maybe_recompile pc=0x0000015b50e06898 method=java.util.TimSort.binarySort([Ljava/lang/Object;IIILjava/util/Comparator;)V @ 215 c2
Event: 31.758 Thread 0x0000015b3e113a90 DEOPT PACKING pc=0x0000015b50e06898 sp=0x00000015aaafb390
Event: 31.758 Thread 0x0000015b3e113a90 DEOPT UNPACKING pc=0x0000015b5039ed02 sp=0x00000015aaafb328 mode 2
Event: 31.803 Thread 0x0000015b3e113a90 Uncommon trap: trap_request=0xffffffde fr.pc=0x0000015b50b6c628 relative=0x0000000000000aa8
Event: 31.803 Thread 0x0000015b3e113a90 Uncommon trap: reason=class_check action=maybe_recompile pc=0x0000015b50b6c628 method=org.springframework.boot.context.properties.source.SpringIterableConfigurationPropertySource$Cache.getMapped(Lorg/springframework/boot/context/properties/source/Configur
Event: 31.803 Thread 0x0000015b3e113a90 DEOPT PACKING pc=0x0000015b50b6c628 sp=0x00000015aaaf90c0
Event: 31.803 Thread 0x0000015b3e113a90 DEOPT UNPACKING pc=0x0000015b5039ed02 sp=0x00000015aaaf9000 mode 2
Event: 31.803 Thread 0x0000015b3e113a90 Uncommon trap: trap_request=0xffffffde fr.pc=0x0000015b50b6c628 relative=0x0000000000000aa8
Event: 31.803 Thread 0x0000015b3e113a90 Uncommon trap: reason=class_check action=maybe_recompile pc=0x0000015b50b6c628 method=org.springframework.boot.context.properties.source.SpringIterableConfigurationPropertySource$Cache.getMapped(Lorg/springframework/boot/context/properties/source/Configur
Event: 31.803 Thread 0x0000015b3e113a90 DEOPT PACKING pc=0x0000015b50b6c628 sp=0x00000015aaaf8be0
Event: 31.803 Thread 0x0000015b3e113a90 DEOPT UNPACKING pc=0x0000015b5039ed02 sp=0x00000015aaaf8b10 mode 2
Event: 31.829 Thread 0x0000015b3e113a90 Uncommon trap: trap_request=0xffffff45 fr.pc=0x0000015b50b18cdc relative=0x000000000000005c
Event: 31.829 Thread 0x0000015b3e113a90 Uncommon trap: reason=unstable_if action=reinterpret pc=0x0000015b50b18cdc method=java.lang.ClassLoader.createOrGetClassLoaderValueMap()Ljava/util/concurrent/ConcurrentHashMap; @ 6 c2
Event: 31.829 Thread 0x0000015b3e113a90 DEOPT PACKING pc=0x0000015b50b18cdc sp=0x00000015aaafb5a0
Event: 31.829 Thread 0x0000015b3e113a90 DEOPT UNPACKING pc=0x0000015b5039ed02 sp=0x00000015aaafb528 mode 2
Event: 31.862 Thread 0x0000015b3e113a90 Uncommon trap: trap_request=0xffffff45 fr.pc=0x0000015b50e9f4a4 relative=0x00000000000004a4
Event: 31.862 Thread 0x0000015b3e113a90 Uncommon trap: reason=unstable_if action=reinterpret pc=0x0000015b50e9f4a4 method=org.hibernate.boot.model.internal.JPAXMLOverriddenMetadataProvider.getAnnotationReader(Ljava/lang/reflect/AnnotatedElement;)Lorg/hibernate/annotations/common/reflection/Anno
Event: 31.862 Thread 0x0000015b3e113a90 DEOPT PACKING pc=0x0000015b50e9f4a4 sp=0x00000015aaafb870
Event: 31.862 Thread 0x0000015b3e113a90 DEOPT UNPACKING pc=0x0000015b5039ed02 sp=0x00000015aaafb818 mode 2

Classes loaded (20 events):
Event: 31.944 Loading class com/example/eshop/catalog/model/package-info
Event: 31.944 Loading class com/example/eshop/catalog/model/package-info done
Event: 31.945 Loading class com/example/eshop/catalog/model/package-info
Event: 31.945 Loading class com/example/eshop/catalog/model/package-info done
Event: 31.945 Loading class com/example/eshop/catalog/model/package-info
Event: 31.945 Loading class com/example/eshop/catalog/model/package-info done
Event: 31.963 Loading class com/example/eshop/catalog/enumeration/DiscountType
Event: 31.963 Loading class com/example/eshop/catalog/enumeration/DiscountType done
Event: 31.964 Loading class com/example/eshop/catalog/enumeration/PromotionType
Event: 31.964 Loading class com/example/eshop/catalog/enumeration/PromotionType done
Event: 31.965 Loading class com/example/eshop/catalog/enumeration/PromotionStatus
Event: 31.965 Loading class com/example/eshop/catalog/enumeration/PromotionStatus done
Event: 31.973 Loading class org/hibernate/bytecode/internal/bytebuddy/BytecodeProviderImpl
Event: 31.973 Loading class org/hibernate/bytecode/internal/bytebuddy/BytecodeProviderImpl done
Event: 31.989 Loading class jakarta/validation/ConstraintViolation
Event: 31.989 Loading class jakarta/validation/ConstraintViolation done
Event: 31.989 Loading class org/hibernate/boot/beanvalidation/TypeSafeActivator
Event: 31.989 Loading class org/hibernate/boot/beanvalidation/TypeSafeActivator done
Event: 31.990 Loading class javax/money/MonetaryAmount
Event: 31.990 Loading class javax/money/MonetaryAmount done

Classes unloaded (0 events):
No events

Classes redefined (20 events):
Event: 7.858 Thread 0x0000015b5fddd6d0 redefined class name=java.lang.Object, count=1
Event: 7.858 Thread 0x0000015b5fddd6d0 redefined class name=com.example.eshop.common.audit.AuditLogService, count=2
Event: 8.079 Thread 0x0000015b5fddd6d0 redefined class name=com.example.eshop.catalog.service.impl.ProductScannerService, count=2
Event: 12.295 Thread 0x0000015b5fddd6d0 redefined class name=com.example.eshop.common.audit.AuditLogRepository, count=2
Event: 12.295 Thread 0x0000015b5fddd6d0 redefined class name=org.springframework.data.repository.Repository, count=2
Event: 12.295 Thread 0x0000015b5fddd6d0 redefined class name=org.springframework.data.jpa.repository.JpaSpecificationExecutor, count=2
Event: 12.686 Thread 0x0000015b5fddd6d0 redefined class name=com.example.eshop.catalog.service.impl.PromotionService, count=1
Event: 12.867 Thread 0x0000015b5fddd6d0 redefined class name=com.example.eshop.catalog.service.impl.CatalogCheckoutService, count=1
Event: 15.369 Thread 0x0000015b5fddd6d0 redefined class name=org.springframework.data.jpa.repository.JpaRepository, count=2
Event: 15.369 Thread 0x0000015b5fddd6d0 redefined class name=org.springframework.data.repository.ListPagingAndSortingRepository, count=2
Event: 15.369 Thread 0x0000015b5fddd6d0 redefined class name=org.springframework.data.repository.CrudRepository, count=2
Event: 15.369 Thread 0x0000015b5fddd6d0 redefined class name=com.example.eshop.catalog.repository.ProductRepository, count=2
Event: 15.369 Thread 0x0000015b5fddd6d0 redefined class name=org.springframework.data.repository.query.QueryByExampleExecutor, count=2
Event: 15.369 Thread 0x0000015b5fddd6d0 redefined class name=org.springframework.data.repository.ListCrudRepository, count=2
Event: 15.369 Thread 0x0000015b5fddd6d0 redefined class name=org.springframework.data.repository.PagingAndSortingRepository, count=2
Event: 15.570 Thread 0x0000015b5fddd6d0 redefined class name=com.example.eshop.catalog.service.impl.ProductResponseService, count=2
Event: 15.670 Thread 0x0000015b5fddd6d0 redefined class name=com.example.eshop.catalog.repository.SubCategoryRepository, count=1
Event: 15.811 Thread 0x0000015b5fddd6d0 redefined class name=com.example.eshop.catalog.service.ImageService, count=1
Event: 15.910 Thread 0x0000015b5fddd6d0 redefined class name=com.example.eshop.catalog.service.impl.ProductSkuServiceImpl, count=1
Event: 15.910 Thread 0x0000015b5fddd6d0 redefined class name=com.example.eshop.catalog.service.ProductSkuService, count=1

Internal exceptions (20 events):
Event: 20.601 Thread 0x0000015b3e113a90 Exception <a 'java/lang/NoSuchMethodError'{0x000000070e1878c0}: 'void java.lang.invoke.DirectMethodHandle$Holder.invokeStatic(java.lang.Object, java.lang.Object, java.lang.Object, java.lang.Object, java.lang.Object, java.lang.Object, java.lang.Object, java.lang.Object, java.lang.Object)'> (0x000000070e1878c0) 
thrown [s\open\src\hotspot\share\interpreter\linkResolver.cpp, line 804]
Event: 20.911 Thread 0x0000015b3e113a90 Exception <a 'java/lang/IncompatibleClassChangeError'{0x000000070d9afb48}: Found class java.lang.Object, but interface was expected> (0x000000070d9afb48) 
thrown [s\open\src\hotspot\share\interpreter\linkResolver.cpp, line 871]
Event: 20.971 Thread 0x0000015b3e113a90 Exception <a 'java/lang/IncompatibleClassChangeError'{0x000000070d79a2a0}: Found class java.lang.Object, but interface was expected> (0x000000070d79a2a0) 
thrown [s\open\src\hotspot\share\interpreter\linkResolver.cpp, line 871]
Event: 21.283 Thread 0x0000015b3e113a90 Exception <a 'java/lang/IncompatibleClassChangeError'{0x0000000717310630}: Found class java.lang.Object, but interface was expected> (0x0000000717310630) 
thrown [s\open\src\hotspot\share\interpreter\linkResolver.cpp, line 871]
Event: 24.396 Thread 0x0000015b3e113a90 Exception <a 'java/lang/NoSuchMethodError'{0x00000007ff9b8f00}: 'java.lang.Object java.lang.invoke.DirectMethodHandle$Holder.invokeInterface(java.lang.Object, java.lang.Object, int)'> (0x00000007ff9b8f00) 
thrown [s\open\src\hotspot\share\interpreter\linkResolver.cpp, line 804]
Event: 25.439 Thread 0x0000015b3e113a90 Exception <a 'java/lang/IncompatibleClassChangeError'{0x0000000727857260}: Found class java.lang.Object, but interface was expected> (0x0000000727857260) 
thrown [s\open\src\hotspot\share\interpreter\linkResolver.cpp, line 871]
Event: 30.446 Thread 0x0000015b3e113a90 Exception <a 'java/lang/NoSuchMethodError'{0x000000072a92ae28}: 'int java.lang.invoke.DirectMethodHandle$Holder.invokeStatic(java.lang.Object, java.lang.Object, int, int)'> (0x000000072a92ae28) 
thrown [s\open\src\hotspot\share\interpreter\linkResolver.cpp, line 804]
Event: 30.914 Thread 0x0000015b3e113a90 Exception <a 'java/lang/IncompatibleClassChangeError'{0x000000072a37feb8}: Found class java.lang.Object, but interface was expected> (0x000000072a37feb8) 
thrown [s\open\src\hotspot\share\interpreter\linkResolver.cpp, line 871]
Event: 30.922 Thread 0x0000015b3e113a90 Implicit null exception at 0x0000015b50a6c236 to 0x0000015b50a6c514
Event: 30.951 Thread 0x0000015b3e113a90 Exception <a 'java/lang/IncompatibleClassChangeError'{0x000000072a1114d8}: Found class java.lang.Object, but interface was expected> (0x000000072a1114d8) 
thrown [s\open\src\hotspot\share\interpreter\linkResolver.cpp, line 871]
Event: 31.046 Thread 0x0000015b3e113a90 Exception <a 'java/lang/IncompatibleClassChangeError'{0x0000000729d3bf60}: Found class java.lang.Object, but interface was expected> (0x0000000729d3bf60) 
thrown [s\open\src\hotspot\share\interpreter\linkResolver.cpp, line 871]
Event: 31.052 Thread 0x0000015b3e113a90 Exception <a 'java/lang/IncompatibleClassChangeError'{0x0000000729d6fea0}: Found class java.lang.Object, but interface was expected> (0x0000000729d6fea0) 
thrown [s\open\src\hotspot\share\interpreter\linkResolver.cpp, line 871]
Event: 31.092 Thread 0x0000015b3e113a90 Exception <a 'java/lang/NoSuchMethodError'{0x0000000729a9dfe8}: 'void java.lang.invoke.DirectMethodHandle$Holder.invokeSpecialIFC(java.lang.Object, java.lang.Object, int, java.lang.Object, java.lang.Object, java.lang.Object, java.lang.Object)'> (0x0000000729a9dfe8) 
thrown [s\open\src\hotspot\share\interpreter\linkResolver.cpp, line 804]
Event: 31.763 Thread 0x0000015b3e113a90 Exception <a 'java/lang/NoClassDefFoundError'{0x0000000728030ef8}: org/flywaydb/core/Flyway> (0x0000000728030ef8) 
thrown [s\open\src\hotspot\share\oops\constantPool.cpp, line 1003]
Event: 31.763 Thread 0x0000015b3e113a90 Exception <a 'java/lang/NoClassDefFoundError'{0x0000000728032578}: liquibase/integration/spring/SpringLiquibase> (0x0000000728032578) 
thrown [s\open\src\hotspot\share\oops\constantPool.cpp, line 1003]
Event: 31.764 Thread 0x0000015b3e113a90 Exception <a 'java/lang/NoClassDefFoundError'{0x000000072805aa38}: org/jooq/DSLContext> (0x000000072805aa38) 
thrown [s\open\src\hotspot\share\oops\constantPool.cpp, line 1003]
Event: 31.767 Thread 0x0000015b3e113a90 Exception <a 'java/lang/NoClassDefFoundError'{0x000000072807ebe0}: org/springframework/batch/core/repository/JobRepository> (0x000000072807ebe0) 
thrown [s\open\src\hotspot\share\oops\constantPool.cpp, line 1003]
Event: 31.767 Thread 0x0000015b3e113a90 Exception <a 'java/lang/NoClassDefFoundError'{0x0000000728080258}: org/quartz/Scheduler> (0x0000000728080258) 
thrown [s\open\src\hotspot\share\oops\constantPool.cpp, line 1003]
Event: 31.767 Thread 0x0000015b3e113a90 Exception <a 'java/lang/NoClassDefFoundError'{0x00000007280818f8}: org/springframework/session/jdbc/JdbcIndexedSessionRepository> (0x00000007280818f8) 
thrown [s\open\src\hotspot\share\oops\constantPool.cpp, line 1003]
Event: 31.862 Thread 0x0000015b3e113a90 Implicit null exception at 0x0000015b50e9f038 to 0x0000015b50e9f490

VM Operations (20 events):
Event: 28.713 Executing safepoint VM operation: G1TryInitiateConcMark (G1 Humongous Allocation) done
Event: 28.819 Executing safepoint VM operation: G1PauseRemark
Event: 28.824 Executing safepoint VM operation: G1PauseRemark done
Event: 28.872 Executing safepoint VM operation: G1PauseCleanup
Event: 28.872 Executing safepoint VM operation: G1PauseCleanup done
Event: 29.296 Executing safepoint VM operation: G1CollectForAllocation (G1 Evacuation Pause)
Event: 29.359 Executing safepoint VM operation: G1CollectForAllocation (G1 Evacuation Pause) done
Event: 29.810 Executing safepoint VM operation: G1CollectForAllocation (G1 Evacuation Pause)
Event: 29.871 Executing safepoint VM operation: G1CollectForAllocation (G1 Evacuation Pause) done
Event: 30.497 Executing non-safepoint VM operation: HandshakeAllThreads (Deoptimize)
Event: 30.497 Executing non-safepoint VM operation: HandshakeAllThreads (Deoptimize) done
Event: 30.502 Executing non-safepoint VM operation: HandshakeAllThreads (Deoptimize)
Event: 30.502 Executing non-safepoint VM operation: HandshakeAllThreads (Deoptimize) done
Event: 30.508 Executing non-safepoint VM operation: HandshakeAllThreads (Deoptimize)
Event: 30.508 Executing non-safepoint VM operation: HandshakeAllThreads (Deoptimize) done
Event: 30.985 Executing non-safepoint VM operation: HandshakeAllThreads (Deoptimize)
Event: 30.985 Executing non-safepoint VM operation: HandshakeAllThreads (Deoptimize) done
Event: 31.013 Executing non-safepoint VM operation: HandshakeAllThreads (Deoptimize)
Event: 31.013 Executing non-safepoint VM operation: HandshakeAllThreads (Deoptimize) done
Event: 32.062 Executing safepoint VM operation: G1CollectForAllocation (G1 Evacuation Pause)

Memory protections (0 events):
No events

Nmethod flushes (20 events):
Event: 28.823 Thread 0x0000015b5fddd6d0 flushing  nmethod 0x0000015b49091e88
Event: 28.823 Thread 0x0000015b5fddd6d0 flushing  nmethod 0x0000015b491f3308
Event: 28.823 Thread 0x0000015b5fddd6d0 flushing  nmethod 0x0000015b48e81608
Event: 28.823 Thread 0x0000015b5fddd6d0 flushing  nmethod 0x0000015b48e85308
Event: 28.823 Thread 0x0000015b5fddd6d0 flushing  nmethod 0x0000015b49544d88
Event: 28.823 Thread 0x0000015b5fddd6d0 flushing  nmethod 0x0000015b496d2208
Event: 28.823 Thread 0x0000015b5fddd6d0 flushing osr nmethod 0x0000015b50c37388
Event: 28.823 Thread 0x0000015b5fddd6d0 flushing  nmethod 0x0000015b48f45488
Event: 28.823 Thread 0x0000015b5fddd6d0 flushing  nmethod 0x0000015b48fa8208
Event: 28.823 Thread 0x0000015b5fddd6d0 flushing  nmethod 0x0000015b496e2308
Event: 28.823 Thread 0x0000015b5fddd6d0 flushing  nmethod 0x0000015b49f46788
Event: 28.823 Thread 0x0000015b5fddd6d0 flushing  nmethod 0x0000015b48e9b888
Event: 28.823 Thread 0x0000015b5fddd6d0 flushing  nmethod 0x0000015b48eefd88
Event: 28.823 Thread 0x0000015b5fddd6d0 flushing  nmethod 0x0000015b48f90588
Event: 28.823 Thread 0x0000015b5fddd6d0 flushing  nmethod 0x0000015b49021488
Event: 28.823 Thread 0x0000015b5fddd6d0 flushing  nmethod 0x0000015b4916f088
Event: 28.823 Thread 0x0000015b5fddd6d0 flushing  nmethod 0x0000015b4939c508
Event: 28.823 Thread 0x0000015b5fddd6d0 flushing  nmethod 0x0000015b496d0608
Event: 28.823 Thread 0x0000015b5fddd6d0 flushing  nmethod 0x0000015b49755108
Event: 28.823 Thread 0x0000015b5fddd6d0 flushing  nmethod 0x0000015b4980aa08

Events (20 events):
Event: 26.070 Thread 0x0000015b67e7c8b0 Thread exited: 0x0000015b67e7c8b0
Event: 26.070 Thread 0x0000015b67e747b0 Thread exited: 0x0000015b67e747b0
Event: 26.319 Thread 0x0000015b5fe3ae40 Thread added: 0x0000015b67e747b0
Event: 26.357 Thread 0x0000015b5fe3ae40 Thread added: 0x0000015b67e7a870
Event: 26.357 Thread 0x0000015b5fe3ae40 Thread added: 0x0000015b67e7b080
Event: 27.134 Thread 0x0000015b67e7b080 Thread exited: 0x0000015b67e7b080
Event: 27.257 Thread 0x0000015b67e7a870 Thread exited: 0x0000015b67e7a870
Event: 28.256 Thread 0x0000015b67e747b0 Thread exited: 0x0000015b67e747b0
Event: 28.262 Thread 0x0000015b604b59e0 Thread exited: 0x0000015b604b59e0
Event: 30.046 Thread 0x0000015b604b3f10 Thread exited: 0x0000015b604b3f10
Event: 30.054 Thread 0x0000015b5fe3ae40 Thread added: 0x0000015b67e747b0
Event: 30.067 Thread 0x0000015b5fe3ae40 Thread added: 0x0000015b67e71f60
Event: 30.122 Thread 0x0000015b5fe3ae40 Thread added: 0x0000015b67e7e0e0
Event: 31.247 Thread 0x0000015b67e71f60 Thread added: 0x0000015b67e7b080
Event: 31.555 Thread 0x0000015b3e113a90 Thread added: 0x0000015b6ab1c8a0
Event: 31.567 Thread 0x0000015b6ab1c8a0 Thread exited: 0x0000015b6ab1c8a0
Event: 31.615 Thread 0x0000015b3e113a90 Thread added: 0x0000015b6ab199c0
Event: 31.616 Thread 0x0000015b6ab199c0 Thread exited: 0x0000015b6ab199c0
Event: 31.860 Thread 0x0000015b3e113a90 Thread added: 0x0000015b6ab199c0
Event: 31.962 Thread 0x0000015b6ab199c0 Thread added: 0x0000015b67b6ee10


Dynamic libraries:
0x00007ff6a4ba0000 - 0x00007ff6a4bb0000 	C:\Program Files\Java\jdk-25\bin\java.exe
0x00007ffad7040000 - 0x00007ffad72a7000 	C:\WINDOWS\SYSTEM32\ntdll.dll
0x00007ffad62d0000 - 0x00007ffad639b000 	C:\WINDOWS\System32\KERNEL32.DLL
0x00007ffad4950000 - 0x00007ffad4d52000 	C:\WINDOWS\System32\KERNELBASE.dll
0x00007ffad4440000 - 0x00007ffad458c000 	C:\WINDOWS\System32\ucrtbase.dll
0x00007ffaa6470000 - 0x00007ffaa6487000 	C:\Program Files\Java\jdk-25\bin\jli.dll
0x00007ffaa6450000 - 0x00007ffaa646e000 	C:\Program Files\Java\jdk-25\bin\VCRUNTIME140.dll
0x00007ffad6e20000 - 0x00007ffad6fef000 	C:\WINDOWS\System32\USER32.dll
0x00007ffabd9c0000 - 0x00007ffabdc50000 	C:\WINDOWS\WinSxS\amd64_microsoft.windows.common-controls_6595b64144ccf1df_6.0.26100.9278_none_3e0d1ba8e3303201\COMCTL32.dll
0x00007ffad45a0000 - 0x00007ffad45c7000 	C:\WINDOWS\System32\win32u.dll
0x00007ffad5100000 - 0x00007ffad51a9000 	C:\WINDOWS\System32\msvcrt.dll
0x00007ffad6c00000 - 0x00007ffad6c2b000 	C:\WINDOWS\System32\GDI32.dll
0x00007ffad4760000 - 0x00007ffad4889000 	C:\WINDOWS\System32\gdi32full.dll
0x00007ffad4240000 - 0x00007ffad42e3000 	C:\WINDOWS\System32\msvcp_win.dll
0x00007ffad6870000 - 0x00007ffad68a1000 	C:\WINDOWS\System32\IMM32.DLL
0x00007ffab0630000 - 0x00007ffab063c000 	C:\Program Files\Java\jdk-25\bin\vcruntime140_1.dll
0x00007ffaa4900000 - 0x00007ffaa498d000 	C:\Program Files\Java\jdk-25\bin\msvcp140.dll
0x00007ffaa3010000 - 0x00007ffaa3e6f000 	C:\Program Files\Java\jdk-25\bin\server\jvm.dll
0x00007ffad6c30000 - 0x00007ffad6cec000 	C:\WINDOWS\System32\ADVAPI32.dll
0x00007ffad6430000 - 0x00007ffad64d9000 	C:\WINDOWS\System32\sechost.dll
0x00007ffad6d00000 - 0x00007ffad6e18000 	C:\WINDOWS\System32\RPCRT4.dll
0x00007ffad63a0000 - 0x00007ffad6420000 	C:\WINDOWS\System32\WS2_32.dll
0x00007ffacc340000 - 0x00007ffacc34b000 	C:\WINDOWS\SYSTEM32\VERSION.dll
0x00007ffad40a0000 - 0x00007ffad40fe000 	C:\WINDOWS\SYSTEM32\POWRPROF.dll
0x00007ffaca150000 - 0x00007ffaca186000 	C:\WINDOWS\SYSTEM32\WINMM.dll
0x00007ffad4080000 - 0x00007ffad4095000 	C:\WINDOWS\SYSTEM32\UMPDC.dll
0x00007ffad2ed0000 - 0x00007ffad2eeb000 	C:\WINDOWS\SYSTEM32\kernel.appcore.dll
0x00007ffab0620000 - 0x00007ffab062a000 	C:\Program Files\Java\jdk-25\bin\jimage.dll
0x00007ffad13c0000 - 0x00007ffad160c000 	C:\WINDOWS\SYSTEM32\DBGHELP.DLL
0x00007ffad64e0000 - 0x00007ffad6865000 	C:\WINDOWS\System32\combase.dll
0x00007ffad5010000 - 0x00007ffad50e9000 	C:\WINDOWS\System32\OLEAUT32.dll
0x00007ffab8810000 - 0x00007ffab884b000 	C:\WINDOWS\SYSTEM32\dbgcore.DLL
0x00007ffad4890000 - 0x00007ffad493c000 	C:\WINDOWS\System32\bcryptPrimitives.dll
0x00007ffaa6320000 - 0x00007ffaa633f000 	C:\Program Files\Java\jdk-25\bin\java.dll
0x00007ffad5ea0000 - 0x00007ffad603a000 	C:\WINDOWS\System32\ole32.dll
0x00007ffad5640000 - 0x00007ffad5dd8000 	C:\WINDOWS\System32\SHELL32.dll
0x00007ffad1c60000 - 0x00007ffad250e000 	C:\WINDOWS\SYSTEM32\windows.storage.dll
0x00007ffad4d60000 - 0x00007ffad4e5b000 	C:\WINDOWS\System32\SHCORE.dll
0x00007ffad4fa0000 - 0x00007ffad5006000 	C:\WINDOWS\System32\shlwapi.dll
0x00007ffad4160000 - 0x00007ffad4189000 	C:\WINDOWS\SYSTEM32\profapi.dll
0x00007ffaa60e0000 - 0x00007ffaa60f2000 	C:\Program Files\Java\jdk-25\bin\net.dll
0x00007ffad3470000 - 0x00007ffad34dc000 	C:\WINDOWS\system32\mswsock.dll
0x00007ffaa6050000 - 0x00007ffaa6066000 	C:\Program Files\Java\jdk-25\bin\nio.dll
0x00007ffaa6030000 - 0x00007ffaa6047000 	C:\Program Files\Java\jdk-25\bin\zip.dll
0x00007ffaa1da0000 - 0x00007ffaa1daa000 	C:\Program Files\Java\jdk-25\bin\management.dll
0x00007ffa9e960000 - 0x00007ffa9e96c000 	C:\Program Files\Java\jdk-25\bin\management_ext.dll
0x00007ffad68d0000 - 0x00007ffad68d8000 	C:\WINDOWS\System32\PSAPI.DLL
0x00007ffad0bc0000 - 0x00007ffad0bd0000 	C:\Program Files\Java\jdk-25\bin\verify.dll
0x00007ffad28d0000 - 0x00007ffad2903000 	C:\WINDOWS\SYSTEM32\IPHLPAPI.DLL
0x00007ffad5e90000 - 0x00007ffad5e9a000 	C:\WINDOWS\System32\NSI.dll
0x00007ffad2970000 - 0x00007ffad2ac8000 	C:\WINDOWS\SYSTEM32\DNSAPI.dll
0x00007ffad3290000 - 0x00007ffad329d000 	C:\WINDOWS\SYSTEM32\DSPARSE.dll
0x00007ffacc350000 - 0x00007ffacc35b000 	C:\Windows\System32\rasadhlp.dll
0x00007ffacd5f0000 - 0x00007ffacd676000 	C:\WINDOWS\System32\fwpuclnt.dll
0x00007ffaceda0000 - 0x00007ffacedae000 	C:\Program Files\Java\jdk-25\bin\sunmscapi.dll
0x00007ffad45d0000 - 0x00007ffad474e000 	C:\WINDOWS\System32\CRYPT32.dll
0x00007ffad3a00000 - 0x00007ffad3a30000 	C:\WINDOWS\SYSTEM32\ncrypt.dll
0x00007ffad39b0000 - 0x00007ffad39ef000 	C:\WINDOWS\SYSTEM32\NTASN1.dll
0x00007ffacc710000 - 0x00007ffacc720000 	C:\Program Files\Java\jdk-25\bin\instrument.dll
0x00007ffad3890000 - 0x00007ffad38ab000 	C:\WINDOWS\SYSTEM32\CRYPTSP.dll
0x00007ffad2e30000 - 0x00007ffad2e69000 	C:\WINDOWS\system32\rsaenh.dll
0x00007ffad3520000 - 0x00007ffad3554000 	C:\WINDOWS\SYSTEM32\USERENV.dll
0x00007ffad4130000 - 0x00007ffad415a000 	C:\WINDOWS\SYSTEM32\bcrypt.dll
0x00007ffad36d0000 - 0x00007ffad36dc000 	C:\WINDOWS\SYSTEM32\CRYPTBASE.dll
0x00007ffa98170000 - 0x00007ffa98179000 	C:\Program Files\Java\jdk-25\bin\extnet.dll
0x00007ffaca920000 - 0x00007ffaca928000 	C:\WINDOWS\system32\wshunix.dll

JVMTI agents:
C:\Users\seng hour\.m2\repository\net\bytebuddy\byte-buddy-agent\1.17.5\byte-buddy-agent-1.17.5.jar path:C:\Program Files\Java\jdk-25\bin\instrument.dll, loaded, initialized, dynamic instrumentlib options:none

dbghelp: loaded successfully - version: 4.0.5 - missing functions: none
symbol engine: initialized successfully - sym options: 0x614 - pdb path: .;C:\Program Files\Java\jdk-25\bin;C:\WINDOWS\SYSTEM32;C:\WINDOWS\WinSxS\amd64_microsoft.windows.common-controls_6595b64144ccf1df_6.0.26100.9278_none_3e0d1ba8e3303201;C:\Program Files\Java\jdk-25\bin\server

VM Arguments:
java_command: C:\Users\seng hour\AppData\Local\Temp\surefire1284476712213166040\surefirebooter-20261004111843426_27.jar C:\Users\seng hour\AppData\Local\Temp\surefire1284476712213166040 2026-10-04T11-17-22_430-jvmRun1 surefire-20261004111843426_25tmp surefire_3-20261004111843426_26tmp
java_class_path (initial): C:\Users\seng hour\AppData\Local\Temp\surefire1284476712213166040\surefirebooter-20261004111843426_27.jar
Launcher Type: SUN_STANDARD

[Global flags]
     intx CICompilerCount                          = 12                                        {product} {ergonomic}
     uint ConcGCThreads                            = 3                                         {product} {ergonomic}
     uint G1ConcRefinementThreads                  = 13                                        {product} {ergonomic}
   size_t G1HeapRegionSize                         = 2097152                                   {product} {ergonomic}
   size_t InitialHeapSize                          = 260046848                                 {product} {ergonomic}
   size_t MarkStackSize                            = 4194304                                   {product} {ergonomic}
   size_t MarkStackSizeMax                         = 536870912                                 {product} {ergonomic}
   size_t MaxHeapSize                              = 4139778048                                {product} {ergonomic}
   size_t MaxNewSize                               = 2483027968                                {product} {ergonomic}
   size_t MinHeapDeltaBytes                        = 2097152                                   {product} {ergonomic}
   size_t MinHeapSize                              = 8388608                                   {product} {ergonomic}
    uintx NonNMethodCodeHeapSize                   = 7602176                                {pd product} {ergonomic}
    uintx NonProfiledCodeHeapSize                  = 122093568                              {pd product} {ergonomic}
    uintx ProfiledCodeHeapSize                     = 121962496                              {pd product} {ergonomic}
    uintx ReservedCodeCacheSize                    = 251658240                              {pd product} {ergonomic}
     bool SegmentedCodeCache                       = true                                      {product} {ergonomic}
   size_t SoftMaxHeapSize                          = 4139778048                             {manageable} {ergonomic}
     bool UseCompressedOops                        = true                           {product lp64_product} {ergonomic}
     bool UseG1GC                                  = true                                      {product} {ergonomic}
     bool UseLargePagesIndividualAllocation        = false                                  {pd product} {ergonomic}

Logging:
Log output configuration:
 #0: stdout all=warning uptime,level,tags foldmultilines=false
 #1: stderr all=off uptime,level,tags foldmultilines=false

Release file:
IMPLEMENTOR="Oracle Corporation" 
JAVA_RUNTIME_VERSION="25.0.1+8-LTS-27" 
JAVA_VERSION="25.0.1" 
JAVA_VERSION_DATE="2025-10-21" 
LIBC="default" 
MODULES="java.base java.compiler java.datatransfer java.xml java.prefs java.desktop java.instrument java.logging java.management java.security.sasl java.naming java.rmi java.management.rmi java.net.http java.scripting java.security.jgss java.transaction.xa java.sql java.sql.rowset java.xml.crypto java.se java.smartcardio jdk.accessibility jdk.internal.jvmstat jdk.attach jdk.charsets jdk.internal.opt jdk.zipfs jdk.compiler jdk.crypto.cryptoki jdk.crypto.ec jdk.crypto.mscapi jdk.dynalink jdk.internal.ed jdk.editpad jdk.internal.vm.ci jdk.graal.compiler jdk.graal.compiler.management jdk.hotspot.agent jdk.httpserver jdk.incubator.vector jdk.internal.le jdk.internal.md jdk.jartool jdk.javadoc jdk.jcmd jdk.management jdk.management.agent jdk.jconsole jdk.jdeps jdk.jdwp.agent jdk.jdi jdk.jfr jdk.jlink jdk.jpackage jdk.jshell jdk.jsobject jdk.jstatd jdk.localedata jdk.management.jfr jdk.naming.dns jdk.naming.rmi jdk.net jdk.nio.mapmode jdk.sctp jdk.security.auth jdk.security.jgss jdk.unsupported jdk.unsupported.desktop jdk.xml.dom" 
OS_ARCH="x86_64" 
OS_NAME="Windows" 
SOURCE=".:git:862c85bc42b7 open:git:78770bfaefd2" 

Environment Variables:
PATH=C:\Users\seng hour\AppData\Local\grok\git\2.55.0.windows.5\cmd;C:\Program Files\Python314\Scripts\;C:\Program Files\Python314\;C:\Program Files\Common Files\Oracle\Java\javapath;C:\WINDOWS\system32;C:\WINDOWS;C:\WINDOWS\System32\Wbem;C:\WINDOWS\System32\WindowsPowerShell\v1.0\;C:\WINDOWS\System32\OpenSSH\;C:\Program Files\Docker\Docker\resources\bin;C:\Program Files\Git\cmd;C:\Program Files\Java\jdk-25\bin;C:\ProgramData\chocolatey\bin;C:\Program Files\apache-maven-3.9.11\bin;C:\Program Files\nodejs\;C:\Users\seng hour\.grok\bin;C:\Users\seng hour\AppData\Local\Microsoft\WindowsApps;C:\Users\seng hour\AppData\Local\Programs\Microsoft VS Code\bin;C:\Program Files\Java\jdk-25\bin;C:\Program Files\apache-maven-3.9.11\bin;C:\Program Files\JetBrains\CLion 2025.2.4\bin;C:\Program Files\JetBrains\WebStorm 2026.1\bin;C:\Program Files\JetBrains\DataGrip 2026.1.3\bin;C:\Program Files\JetBrains\PyCharm 2026.2.1\bin;C:\Users\seng hour\AppData\Roaming\npm;C:\Users\seng hour\AppData\Local\github-copilot\jetbrains-terminal\copilot-cli-shim\v1
USERNAME=seng hour
TERM=dumb
OS=Windows_NT
PROCESSOR_IDENTIFIER=AMD64 Family 25 Model 80 Stepping 0, AuthenticAMD
TMP=C:\Users\SENGHO~1\AppData\Local\Temp
TEMP=C:\Users\SENGHO~1\AppData\Local\Temp




Compilation memory statistics disabled.

Periodic native trim disabled

---------------  S Y S T E M  ---------------

OS:
 Windows 11 , 64 bit Build 26100 (10.0.26100.9444)
OS uptime: 0 days 19:44 hours
Hyper-V role detected

CPU: total 16 (initial active 16) (16 cores per cpu, 2 threads per core) family 25 model 80 stepping 0 microcode 0xa50000b, cx8, cmov, fxsr, ht, mmx, 3dnowpref, sse, sse2, sse3, ssse3, sse4a, sse4.1, sse4.2, popcnt, lzcnt, tsc, tscinvbit, avx, avx2, aes, erms, clmul, bmi1, bmi2, adx, sha, fma, vzeroupper, clflush, clflushopt, clwb, hv, rdtscp, rdpid, fsrm, f16c, cet_ss
Processor Information for processor 0
  Max Mhz: 3301, Current Mhz: 1827, Mhz Limit: 3301
Processor Information for processor 1
  Max Mhz: 3301, Current Mhz: 1827, Mhz Limit: 3301
Processor Information for processor 2
  Max Mhz: 3301, Current Mhz: 1827, Mhz Limit: 3301
Processor Information for processor 3
  Max Mhz: 3301, Current Mhz: 1827, Mhz Limit: 3301
Processor Information for processor 4
  Max Mhz: 3301, Current Mhz: 1827, Mhz Limit: 3301
Processor Information for processor 5
  Max Mhz: 3301, Current Mhz: 1827, Mhz Limit: 3301
Processor Information for processor 6
  Max Mhz: 3301, Current Mhz: 1915, Mhz Limit: 3301
Processor Information for processor 7
  Max Mhz: 3301, Current Mhz: 1827, Mhz Limit: 3301
Processor Information for processor 8
  Max Mhz: 3301, Current Mhz: 1827, Mhz Limit: 3301
Processor Information for processor 9
  Max Mhz: 3301, Current Mhz: 1827, Mhz Limit: 3301
Processor Information for processor 10
  Max Mhz: 3301, Current Mhz: 1827, Mhz Limit: 3301
Processor Information for processor 11
  Max Mhz: 3301, Current Mhz: 1827, Mhz Limit: 3301
Processor Information for processor 12
  Max Mhz: 3301, Current Mhz: 1827, Mhz Limit: 3301
Processor Information for processor 13
  Max Mhz: 3301, Current Mhz: 1827, Mhz Limit: 3301
Processor Information for processor 14
  Max Mhz: 3301, Current Mhz: 1827, Mhz Limit: 3301
Processor Information for processor 15
  Max Mhz: 3301, Current Mhz: 1827, Mhz Limit: 3301

Memory: 4k page, system-wide physical 15791M (509M free)
TotalPageFile size 35692M (AvailPageFile size 118M)
current process WorkingSet (physical memory assigned to process): 938M, peak: 938M
current process commit charge ("private bytes"): 985M, peak: 1589M

vm_info: Java HotSpot(TM) 64-Bit Server VM (25.0.1+8-LTS-27) for windows-amd64 JRE (25.0.1+8-LTS-27), built on 2025-09-25T16:41:16Z with unknown MS VC++:1943

END.
